filename,label,participant_id,participant_verified,age,passage_id,language,consent_verified,sha256,duration_sec,rms_dbfs,clipping_fraction,estimated_activity_sec,estimated_activity_fraction,activity_method,longest_inactive_gap_sec,matched_window_start_sec,quality_warning,mfcc_2_mean,mfcc_3_mean,mfcc_4_mean,mfcc_5_mean,mfcc_2_std,mfcc_3_std,mfcc_4_std,mfcc_5_std
New Recording 36.m4a.mp4,0,,False,,,,False,cf207de0c219575079b248b6efc08563e4f9d8df17b277fb6f28d7dc0285ea76,4.629,-18.52,0.0,4.47,0.968,webrtcvad_30ms_mode2,0.06,0.15,very_short_recording,-0.7056206065582,4.771470434520555,-1.6103570679660515,-0.6362225453169791,2.312412546525583,3.0072021514795146,2.273307256569913,1.604110257550731
New Recording 37.m4a.mp4,0,,False,,,,False,8da99951678b9c43ed52553b7bdf197f389cf347907aca0c93990cf3140c5be3,2.069,-25.85,0.0,1.95,0.956,webrtcvad_30ms_mode2,0.09,0.3,very_short_recording,-0.6933623088534488,2.0915770318267586,-1.5314831395971673,-0.05051032294976292,2.5942678544577076,2.8287219882361048,1.9256729122018568,1.4299369402082314
New Recording 38.m4a.mp4,0,,False,,,,False,44d8d2259738da0f303b3ad0da75772b3a77d491603e4dc910ac0ecb3ff472e7,3.413,-25.67,0.0,3.27,0.965,webrtcvad_30ms_mode2,0.06,0.27,very_short_recording,-0.5994285027900682,0.524134937116337,-2.0847343070926145,0.06198869731594209,1.8320816100147004,2.6229203766557667,2.096417446693088,1.3650392914440106
a1.mp4,1,,False,,,,False,c4c7078aa21458e74f7a89284ce6dfc815068f1ae3c695e4158f9fd330c85488,17.813,-18.84,0.0,16.14,0.907,webrtcvad_30ms_mode2,0.39,5.55,short_recording,0.9175692852323449,0.5313510608989556,-2.866006307807818,-2.246216142213785,4.230126272844793,2.7769737669160723,1.4229772477086118,2.502339969706629
a10.mp4,1,,False,,,,False,2009d679135346cacef3420fd10b9b358470509b1bec4ef48db2a6c4487c6234,35.925,-22.92,0.0,19.8,0.551,webrtcvad_30ms_mode2,1.29,0.33,,0.9664889114900346,5.2680926273705255,-1.72310028395465,-0.9081825681389164,2.6523400526073577,3.947812587725891,4.01230187731699,2.1301838688501378
a11.mp4,1,,False,,,,False,78f1e465b4c26ceec1829ffa9f82f7eb169cdb6b5c74122db63a556c7cbc651e,44.181,-39.17,0.0,16.89,0.382,webrtcvad_30ms_mode2,6.3,13.41,,2.214172589348174,3.914636933008238,1.2759379603058072,1.8055569048413753,1.6204042425267875,1.212018004355039,1.0871516920737647,0.9551028218171813
a12.mp4,1,,False,,,,False,f969ec5532af24d7c7986df3d96b00c6e2a8fc68525ef31e305745e93b86d4fa,59.349,-34.52,0.0,29.34,0.494,webrtcvad_30ms_mode2,5.04,31.29,,3.7496375617599442,2.535863955193342,0.7541038984017422,0.7855367690750694,1.2902984098869479,1.5374601874693685,1.4262422562941557,1.1568267367566063
a2.mp4,1,,False,,,,False,f9f9857f410070a29061559dad6e6d5ad54c9d9f380fba0881f89f3b3ca4a760,59.093,-24.69,0.0,43.53,0.737,webrtcvad_30ms_mode2,1.2,16.44,,4.9343499519072545,4.970561648534209,1.624498906444662,0.8171278351871152,2.22358789620657,1.9875118782555075,1.0347798202074507,1.5176759573953618
a3.mp4,1,,False,,,,False,2879fbeaadbfccf75a594cdffe9a63fac91cf539c3ee084229e7f39ffa02f060,37.568,-25.76,0.0,24.72,0.658,webrtcvad_30ms_mode2,1.56,34.98,,2.5115737637939284,2.4270509128738063,-0.04967930160346433,0.6903030563718197,1.8314578950381273,1.3123449009640944,1.1030849668470046,1.2617547587649027
a4.mp4,1,,False,,,,False,0b63c1a0e3aa4a0f31e641527cc6aa312173f102157287be5e1ee52ccef29acd,14.763,-28.49,0.0,11.04,0.748,webrtcvad_30ms_mode2,0.6,5.55,short_recording,5.11470489436413,3.754440798435259,1.7533569579958777,0.0049099826630811805,1.6181287624908363,1.4337549323621346,1.0580878270283818,1.6530485517252977
a5.mp4,1,,False,,,,False,61d7c7d7ca5f5e6e0e0c7411c5c2be25ddd9dc12645912fcdd822caacb6899b5,144.277,-28.45,0.0,109.17,0.757,webrtcvad_30ms_mode2,1.29,131.61,,1.7317888001340407,3.0208974251594296,-0.5041970010276879,1.9695524947419767,2.4611951859481485,1.798770171151383,2.1159143780993848,1.5787928687775852
a6.mp4,1,,False,,,,False,5f3ecf996d3363abfbe85142706052d601bbeb3acc582c7a9b97e38fad62033a,144.213,-30.53,0.0,112.32,0.779,webrtcvad_30ms_mode2,0.81,3.57,,-1.2354938748748687,2.9256901524541377,-1.9374616112938916,1.5204800673656251,2.0177898251415844,1.6107015722450904,1.473912066975687,1.5491289561254757
a7.mp4,1,,False,,,,False,c29efc3aff8dc2de43d1202dde514d2c22e6fce2ccf4b8d65e543c0f786ada74,2.944,-31.56,0.0,2.82,0.959,webrtcvad_30ms_mode2,0.12,0.27,very_short_recording,0.2933425233384474,0.6946167394727544,-2.125127941566838,-0.2517138128189747,3.1328375106624904,1.6053893767749765,3.023090668800794,1.2400948422885385
a8.mp4,1,,False,,,,False,bbd3481ef92f6e9eae215a2841f1c4a7f56bffcec9096d35162abc9175d6a8b7,23.893,-33.08,0.0,14.22,0.595,webrtcvad_30ms_mode2,1.59,20.28,,0.48842978739627785,-0.37682473808167755,-0.14453503423870406,0.25934666992129907,1.841842178371349,2.1528657903920325,1.7101775897896363,1.1102142924433462
a9.mp4,1,,False,,,,False,31ca6c94b3c2ce13f1cac39e463cab9d8f3b9e5408b05fa66886a47c5cf96cdd,11.776,-38.47,0.0,6.0,0.51,webrtcvad_30ms_mode2,2.79,1.86,short_recording,0.9179143904553676,3.786332778537034,1.462370368759348,1.282848000641985,1.2387028350714095,0.9608771814123002,1.5177557243361322,1.018395664189191
