filename,label,duration_sec,mfcc_loocv_score_experimental,mfcc_loocv_prediction_experimental,duration_only_loocv_score,duration_only_prediction
New Recording 36.m4a.mp4,0,4.629,0.45082495471810047,0,0.4369072481308118,0
New Recording 37.m4a.mp4,0,2.069,0.41393133565095547,0,0.36787008707315677,0
New Recording 38.m4a.mp4,0,3.413,0.44919577321225224,0,0.4091923590653958,0
a1.mp4,1,17.813,0.21957016751926106,0,0.5386347951271242,1
a10.mp4,1,35.925,0.14284995955170438,0,0.5973769875834245,1
a11.mp4,1,44.181,0.7156248764599524,1,0.6150827017984404,1
a12.mp4,1,59.349,0.7079896789512489,1,0.6410678970606866,1
a2.mp4,1,59.093,0.7846153291037616,1,0.6406795398380238,1
a3.mp4,1,37.568,0.6762507148993278,1,0.6011775135050624,1
a4.mp4,1,14.763,0.8081453491018837,1,0.5228703668143363,1
a5.mp4,1,144.277,0.6382225632933078,1,0.7283987690281059,1
a6.mp4,1,144.213,0.4636730715846639,0,0.7283504071571443,1
a7.mp4,1,2.944,0.4336454782579455,0,0.3782053877969377,0
a8.mp4,1,23.893,0.4768075203536608,0,0.5631405799736782,1
a9.mp4,1,11.776,0.678408753685887,1,0.5036901901254782,1
