ink_density,num_components,char_height_cv,char_width_cv,char_size_ratio_cv,letter_gap_cv,mean_letter_gap_rel,baseline_wobble,stroke_width_mean_rel,stroke_width_cv,touching_letters_ratio,label,child
0.08652058522390473,76,0.3483263419230855,3.284235416109976,2.397990371725943,0.8367103000756095,0.21205064894056783,1.4672933972753592,0.010964869521558285,0.33505886793136597,0.5066666666666667,0,/content/dysgraphia_raw/Potential Dysgraphia Handwriting Dataset of School-Age Children/DATASET DYSGRAPHIA HANDWRITING/DATASET DYSGRAPHIA HANDWRITING/Low Potential Dysgraphia/LPD (33).jpg
0.07062241591239245,34,0.529089706543476,3.142830013607159,2.1359903665186177,1.2550339479925552,0.8347585927272985,0.9498543258262093,0.015680449083447456,0.3523843586444855,0.24242424242424243,0,/content/dysgraphia_raw/Potential Dysgraphia Handwriting Dataset of School-Age Children/DATASET DYSGRAPHIA HANDWRITING/DATASET DYSGRAPHIA HANDWRITING/Low Potential Dysgraphia/LPD (26).jpg
0.06966240619042639,42,0.580196409302353,2.853099661214264,1.9040425062424946,1.193417300022404,0.5938674846773291,1.0465770502957261,0.011294365860521793,0.3015606701374054,0.43902439024390244,0,/content/dysgraphia_raw/Potential Dysgraphia Handwriting Dataset of School-Age Children/DATASET DYSGRAPHIA HANDWRITING/DATASET DYSGRAPHIA HANDWRITING/Low Potential Dysgraphia/LPD (14).jpg
0.07079833166891852,14,0.48916288058129814,2.2090575769172682,2.0292811780056037,1.2858570798552826,3.7778434765644344,1.0085353378385629,0.016536036506295204,0.309857040643692,0.38461538461538464,0,/content/dysgraphia_raw/Potential Dysgraphia Handwriting Dataset of School-Age Children/DATASET DYSGRAPHIA HANDWRITING/DATASET DYSGRAPHIA HANDWRITING/Low Potential Dysgraphia/LPD (35).jpg
0.10422152560083595,18,0.41205651171788726,3.0152204822917454,2.1202385698610207,1.6325252562504076,1.0854134927031278,0.2523155822967339,0.03818716108798981,0.34250113368034363,0.17647058823529413,0,/content/dysgraphia_raw/Potential Dysgraphia Handwriting Dataset of School-Age Children/DATASET DYSGRAPHIA HANDWRITING/DATASET DYSGRAPHIA HANDWRITING/Low Potential Dysgraphia/LPD (79).jpg
0.06957982086406744,28,0.4547723200141977,3.0457024619651474,2.5079831581449867,1.4073289988038078,1.8657337214451275,1.5755309020089536,0.017267709597945213,0.4441624581813812,0.3333333333333333,0,/content/dysgraphia_raw/Potential Dysgraphia Handwriting Dataset of School-Age Children/DATASET DYSGRAPHIA HANDWRITING/DATASET DYSGRAPHIA HANDWRITING/Low Potential Dysgraphia/LPD (104).jpg
0.07146024238841266,51,0.3198885429769804,3.6607526128351338,3.384381849191293,1.3408444664307924,0.6928825553295275,1.5423830156726315,0.018391840159893036,0.3494235575199127,0.26,0,/content/dysgraphia_raw/Potential Dysgraphia Handwriting Dataset of School-Age Children/DATASET DYSGRAPHIA HANDWRITING/DATASET DYSGRAPHIA HANDWRITING/Low Potential Dysgraphia/LPD (71).jpg
0.09585164884056166,10,0.45135355746125505,2.315985540816692,1.6708629055610547,1.365468444493052,1.7411950447630973,0.27943534323821195,0.02919873781502247,0.3076454699039459,0.2222222222222222,0,/content/dysgraphia_raw/Potential Dysgraphia Handwriting Dataset of School-Age Children/DATASET DYSGRAPHIA HANDWRITING/DATASET DYSGRAPHIA HANDWRITING/Low Potential Dysgraphia/LPD (106).jpg
0.08692266112857569,39,0.5382018099106832,2.840932115607087,2.0021045518417773,1.0943498155925915,0.6807806940695843,2.3290526480840428,0.010833530686795712,0.33007651567459106,0.3684210526315789,0,/content/dysgraphia_raw/Potential Dysgraphia Handwriting Dataset of School-Age Children/DATASET DYSGRAPHIA HANDWRITING/DATASET DYSGRAPHIA HANDWRITING/Low Potential Dysgraphia/LPD (108).jpg
0.07240194542141125,21,0.449417193875857,2.6414962312121286,2.1360187822029473,1.6296521618828526,1.7840667967719164,1.1112080376912055,0.01752408966422081,0.33829039335250854,0.15,0,/content/dysgraphia_raw/Potential Dysgraphia Handwriting Dataset of School-Age Children/DATASET DYSGRAPHIA HANDWRITING/DATASET DYSGRAPHIA HANDWRITING/Low Potential Dysgraphia/LPD (74).jpg
0.11823052418187084,62,0.42629635134917593,4.940015806693144,3.114584224743897,1.1549080208513838,0.5609575497297847,0.206285523751575,0.03954783454537392,0.3100222945213318,0.2459016393442623,0,/content/dysgraphia_raw/Potential Dysgraphia Handwriting Dataset of School-Age Children/DATASET DYSGRAPHIA HANDWRITING/DATASET DYSGRAPHIA HANDWRITING/Low Potential Dysgraphia/LPD (113).jpg
0.05970810884539317,24,0.5959926800916453,2.821065661454217,2.0029827222003576,1.2265849585377864,1.5641617412142146,1.1632148305844296,0.022526917979121208,0.09900882840156555,0.13043478260869565,0,/content/dysgraphia_raw/Potential Dysgraphia Handwriting Dataset of School-Age Children/DATASET DYSGRAPHIA HANDWRITING/DATASET DYSGRAPHIA HANDWRITING/Low Potential Dysgraphia/LPD (8).jpg
0.1661368101446687,21,0.40200706001084613,2.759562279638356,1.9098950304426192,1.0939267426689538,0.5426930409316608,0.22607835866073284,0.05373283475637436,0.3342617452144623,0.35,0,/content/dysgraphia_raw/Potential Dysgraphia Handwriting Dataset of School-Age Children/DATASET DYSGRAPHIA HANDWRITING/DATASET DYSGRAPHIA HANDWRITING/Low Potential Dysgraphia/LPD (49).jpg
0.08860402029831332,25,0.3418291037742655,2.891034219963876,2.4021729106269407,1.1506981825116909,0.5472487907356749,0.17078055378586954,0.030379798263311386,0.34194228053092957,0.3333333333333333,0,/content/dysgraphia_raw/Potential Dysgraphia Handwriting Dataset of School-Age Children/DATASET DYSGRAPHIA HANDWRITING/DATASET DYSGRAPHIA HANDWRITING/Low Potential Dysgraphia/LPD (55).jpg
0.0806932214487099,22,0.4762914295588214,2.5467611287983014,2.163137846911117,1.4378494739413048,1.3959036643414178,1.0350539969757977,0.019410131499171257,0.363687664270401,0.23809523809523808,0,/content/dysgraphia_raw/Potential Dysgraphia Handwriting Dataset of School-Age Children/DATASET DYSGRAPHIA HANDWRITING/DATASET DYSGRAPHIA HANDWRITING/Low Potential Dysgraphia/LPD (86).jpg
0.07897414839677212,72,0.4500573878023014,3.939460280538925,2.6618190219214153,0.9781600446272898,0.36229697165411506,1.3526458019675984,0.012872884050011635,0.2845655679702759,0.5492957746478874,0,/content/dysgraphia_raw/Potential Dysgraphia Handwriting Dataset of School-Age Children/DATASET DYSGRAPHIA HANDWRITING/DATASET DYSGRAPHIA HANDWRITING/Low Potential Dysgraphia/LPD (66).jpg
0.08158143594966175,48,0.48114634212398405,4.580253123021639,3.3071179413162017,1.1925629170078815,0.662256352133357,0.30603756290293344,0.034516919404268265,0.2072850465774536,0.10638297872340426,0,/content/dysgraphia_raw/Potential Dysgraphia Handwriting Dataset of School-Age Children/DATASET DYSGRAPHIA HANDWRITING/DATASET DYSGRAPHIA HANDWRITING/Low Potential Dysgraphia/LPD (38).jpg
0.09423359811709327,27,0.3161532219099609,3.299804183600513,2.7393476462519715,0.8730004370608202,0.6496411647592095,0.18642798265637303,0.03715493902564049,0.19799935817718506,0.11538461538461539,0,/content/dysgraphia_raw/Potential Dysgraphia Handwriting Dataset of School-Age Children/DATASET DYSGRAPHIA HANDWRITING/DATASET DYSGRAPHIA HANDWRITING/Low Potential Dysgraphia/LPD (40).jpg
0.13452119883040936,16,0.5548148732229571,2.9525238407291887,2.085291808000917,1.8598645270226255,1.67813157781294,0.5294760737593296,0.042800549417734146,0.3624174892902374,0.3333333333333333,0,/content/dysgraphia_raw/Potential Dysgraphia Handwriting Dataset of School-Age Children/DATASET DYSGRAPHIA HANDWRITING/DATASET DYSGRAPHIA HANDWRITING/Low Potential Dysgraphia/LPD (91).jpg
0.0935605449390286,67,0.36486850790331116,3.954433196828166,2.586604728428844,0.9530826222178936,0.5043509854237412,1.6466975184190886,0.016433218494057655,0.3061291575431824,0.5,0,/content/dysgraphia_raw/Potential Dysgraphia Handwriting Dataset of School-Age Children/DATASET DYSGRAPHIA HANDWRITING/DATASET DYSGRAPHIA HANDWRITING/Low Potential Dysgraphia/LPD (132).jpg
0.07923297420183849,4,0.5177081247035601,0.9783821010701549,0.9473498971056289,0.0,0.0,0.8937176203406884,0.01650393009185791,0.3232845067977905,0.6666666666666666,0,/content/dysgraphia_raw/Potential Dysgraphia Handwriting Dataset of School-Age Children/DATASET DYSGRAPHIA HANDWRITING/DATASET DYSGRAPHIA HANDWRITING/Low Potential Dysgraphia/LPD (129).jpg
0.07146577657776408,40,0.43277958916302617,3.485821407948243,3.2348054177852172,1.1691680756535563,1.0390969170718098,1.2286460828624903,0.016042513772845268,0.3910113573074341,0.3333333333333333,0,/content/dysgraphia_raw/Potential Dysgraphia Handwriting Dataset of School-Age Children/DATASET DYSGRAPHIA HANDWRITING/DATASET DYSGRAPHIA HANDWRITING/Low Potential Dysgraphia/LPD (101).jpg
0.07673575716389172,24,0.45484197207930804,3.695724930076524,4.421231818137442,0.9752225849325283,1.7463125607330343,0.3974754942837756,0.03904017433524132,0.24565249681472778,0.21739130434782608,0,/content/dysgraphia_raw/Potential Dysgraphia Handwriting Dataset of School-Age Children/DATASET DYSGRAPHIA HANDWRITING/DATASET DYSGRAPHIA HANDWRITING/Low Potential Dysgraphia/LPD (127).jpg
0.10297852689909952,73,0.36669660796523196,4.159135026731823,2.8769384327995455,1.074179083048974,0.43729024435821584,1.5587801425606638,0.01695607602596283,0.31933438777923584,0.5138888888888888,0,/content/dysgraphia_raw/Potential Dysgraphia Handwriting Dataset of School-Age Children/DATASET DYSGRAPHIA HANDWRITING/DATASET DYSGRAPHIA HANDWRITING/Low Potential Dysgraphia/LPD (114).jpg
0.0673074133178587,29,0.41470081010953674,2.5922436066675916,2.3024242308368996,1.0861109373572682,1.2497892950288905,1.5703678278991386,0.009830186143517494,0.2806209921836853,0.35714285714285715,0,/content/dysgraphia_raw/Potential Dysgraphia Handwriting Dataset of School-Age Children/DATASET DYSGRAPHIA HANDWRITING/DATASET DYSGRAPHIA HANDWRITING/Low Potential Dysgraphia/LPD (69).jpg
0.07451505787612277,42,0.46526185812431775,2.9207432057340346,2.2705394299574357,0.805527192502426,0.778336904368452,1.821004524920863,0.010011316277086735,0.30415308475494385,0.5609756097560976,0,/content/dysgraphia_raw/Potential Dysgraphia Handwriting Dataset of School-Age Children/DATASET DYSGRAPHIA HANDWRITING/DATASET DYSGRAPHIA HANDWRITING/Low Potential Dysgraphia/LPD (81).jpg
0.0559872484558677,6,0.29105108847189815,0.962468717131948,1.0026858756288948,0.0,0.0,1.3751199339280846,0.013734597712755203,0.056762270629405975,0.8,0,/content/dysgraphia_raw/Potential Dysgraphia Handwriting Dataset of School-Age Children/DATASET DYSGRAPHIA HANDWRITING/DATASET DYSGRAPHIA HANDWRITING/Low Potential Dysgraphia/LPD (6).jpg
0.05893019932490699,26,0.46873226098929677,3.023403810597743,2.40267333911564,1.054411080439654,2.0224184068167412,1.0657925643649504,0.013471988029778004,0.2761358618736267,0.36,0,/content/dysgraphia_raw/Potential Dysgraphia Handwriting Dataset of School-Age Children/DATASET DYSGRAPHIA HANDWRITING/DATASET DYSGRAPHIA HANDWRITING/Low Potential Dysgraphia/LPD (116).jpg
0.07815164633346451,43,0.4169089856041084,3.4287654870680133,2.6993969796274686,1.3680906453326231,0.6301491895277959,1.1757933467416648,0.02252744883298874,0.1470525860786438,0.2619047619047619,0,/content/dysgraphia_raw/Potential Dysgraphia Handwriting Dataset of School-Age Children/DATASET DYSGRAPHIA HANDWRITING/DATASET DYSGRAPHIA HANDWRITING/Low Potential Dysgraphia/LPD (2).jpg
0.10850340741267948,51,0.4558174777003857,2.3969402078961117,2.6788133913491676,1.0651480486506482,0.4577183792007829,1.5030944859577342,0.008460556156933308,0.4000608026981354,0.64,0,/content/dysgraphia_raw/Potential Dysgraphia Handwriting Dataset of School-Age Children/DATASET DYSGRAPHIA HANDWRITING/DATASET DYSGRAPHIA HANDWRITING/Low Potential Dysgraphia/LPD (99).jpg
0.13234913958736524,87,0.23878456282751093,3.859743749230114,3.0943775399206146,1.047322888341874,0.200651189993903,2.026717747679129,0.025240620598196983,0.33927595615386963,0.686046511627907,0,/content/dysgraphia_raw/Potential Dysgraphia Handwriting Dataset of School-Age Children/DATASET DYSGRAPHIA HANDWRITING/DATASET DYSGRAPHIA HANDWRITING/Low Potential Dysgraphia/LPD (30).jpg
0.1299502487562189,26,0.5043854207871272,2.5296886291702405,4.311713455718318,0.9862033602383735,0.44309080700247355,0.7044370381577116,0.03144875168800354,0.4664671719074249,0.24,0,/content/dysgraphia_raw/Potential Dysgraphia Handwriting Dataset of School-Age Children/DATASET DYSGRAPHIA HANDWRITING/DATASET DYSGRAPHIA HANDWRITING/Low Potential Dysgraphia/LPD (133).jpg
0.07309921504198613,26,0.5262510941059211,2.4391829632812416,2.0221571075183595,0.9773002849545083,2.19063409227916,1.8833761878421413,0.014790871180593967,0.12100452929735184,0.52,0,/content/dysgraphia_raw/Potential Dysgraphia Handwriting Dataset of School-Age Children/DATASET DYSGRAPHIA HANDWRITING/DATASET DYSGRAPHIA HANDWRITING/Low Potential Dysgraphia/LPD (9).jpg
0.08381099353321575,21,0.461252437137804,2.512397596795311,3.7786214314351145,1.3548720885727923,1.0182829310767874,0.6848778380927651,0.03585382550954819,0.09211823344230652,0.15,0,/content/dysgraphia_raw/Potential Dysgraphia Handwriting Dataset of School-Age Children/DATASET DYSGRAPHIA HANDWRITING/DATASET DYSGRAPHIA HANDWRITING/Low Potential Dysgraphia/LPD (1).jpg
0.07538134606427574,26,0.4522723432466689,3.4215992999616227,2.3406527757758724,1.3183340957494436,0.7136073880611797,0.2583946899081117,0.02913527376949787,0.3155093193054199,0.12,0,/content/dysgraphia_raw/Potential Dysgraphia Handwriting Dataset of School-Age Children/DATASET DYSGRAPHIA HANDWRITING/DATASET DYSGRAPHIA HANDWRITING/Low Potential Dysgraphia/LPD (124).jpg
0.07507205326972768,51,0.36802417304714863,3.8237930959934276,2.911044778811974,0.9056682259111174,1.0257957713330577,2.238976627909936,0.01648387685418129,0.24179287254810333,0.32,0,/content/dysgraphia_raw/Potential Dysgraphia Handwriting Dataset of School-Age Children/DATASET DYSGRAPHIA HANDWRITING/DATASET DYSGRAPHIA HANDWRITING/Low Potential Dysgraphia/LPD (42).jpg
0.10537001093188765,17,0.3867847220342962,2.7526821543047375,1.8171041481668868,0.8680688897497462,0.8178173409735083,0.25432698232829154,0.035613249987363815,0.3075599670410156,0.0625,0,/content/dysgraphia_raw/Potential Dysgraphia Handwriting Dataset of School-Age Children/DATASET DYSGRAPHIA HANDWRITING/DATASET DYSGRAPHIA HANDWRITING/Low Potential Dysgraphia/LPD (76).jpg
0.0920496092909886,12,0.5626329270646815,1.956287949080135,3.0304626313296854,0.884765451618174,1.7133026579833397,0.6651692128701514,0.03800840675830841,0.30353474617004395,0.2727272727272727,0,/content/dysgraphia_raw/Potential Dysgraphia Handwriting Dataset of School-Age Children/DATASET DYSGRAPHIA HANDWRITING/DATASET DYSGRAPHIA HANDWRITING/Low Potential Dysgraphia/LPD (4).jpg
0.12663152610441766,24,0.27838086814598384,3.02641482972636,2.5709610191670245,1.3594676364932816,0.3555252750335014,0.13543096322621334,0.040017347782850266,0.3235107362270355,0.08695652173913043,0,/content/dysgraphia_raw/Potential Dysgraphia Handwriting Dataset of School-Age Children/DATASET DYSGRAPHIA HANDWRITING/DATASET DYSGRAPHIA HANDWRITING/Low Potential Dysgraphia/LPD (31).jpg
0.09323035367603613,15,0.6520654458123213,2.9606858337097552,1.9351074326542028,1.056001898646463,2.6136362151343056,0.5812388278634237,0.03476971387863159,0.29723575711250305,0.21428571428571427,0,/content/dysgraphia_raw/Potential Dysgraphia Handwriting Dataset of School-Age Children/DATASET DYSGRAPHIA HANDWRITING/DATASET DYSGRAPHIA HANDWRITING/Low Potential Dysgraphia/LPD (82).jpg
0.0719842540699226,32,0.612383765134889,2.325268484903773,1.652403594138795,0.8807218968705463,1.1886673262986835,1.7659443664363368,0.009795503690838814,0.3213575780391693,0.3548387096774194,0,/content/dysgraphia_raw/Potential Dysgraphia Handwriting Dataset of School-Age Children/DATASET DYSGRAPHIA HANDWRITING/DATASET DYSGRAPHIA HANDWRITING/Low Potential Dysgraphia/LPD (27).jpg
0.05977584059775841,7,0.5564696094271261,1.5157697902581606,1.4901894346335698,0.9199652600901311,8.552301004744322,1.077371296648428,0.014202363789081573,0.28736504912376404,0.5,0,/content/dysgraphia_raw/Potential Dysgraphia Handwriting Dataset of School-Age Children/DATASET DYSGRAPHIA HANDWRITING/DATASET DYSGRAPHIA HANDWRITING/Low Potential Dysgraphia/LPD (20).jpg
0.08652967244032536,35,0.5711934371466925,2.9180050982816397,2.160671442789591,2.0943930983343653,0.5751748079687412,1.1351347321605902,0.016976945102214813,0.35515570640563965,0.35294117647058826,0,/content/dysgraphia_raw/Potential Dysgraphia Handwriting Dataset of School-Age Children/DATASET DYSGRAPHIA HANDWRITING/DATASET DYSGRAPHIA HANDWRITING/Low Potential Dysgraphia/LPD (17).jpg
0.08309338917488293,19,0.652609592574233,2.0573932416579104,1.6111689531124591,1.2095184333052906,2.343697112228338,2.0991968865283073,0.011441444046795368,0.34612804651260376,0.3888888888888889,0,/content/dysgraphia_raw/Potential Dysgraphia Handwriting Dataset of School-Age Children/DATASET DYSGRAPHIA HANDWRITING/DATASET DYSGRAPHIA HANDWRITING/Low Potential Dysgraphia/LPD (84).jpg
0.0887738670347366,22,0.4780374676056284,3.2926595285395295,2.2401064631988445,1.1497279227284105,0.9569528557696227,0.18343848927311454,0.033486492931842804,0.23772867023944855,0.19047619047619047,0,/content/dysgraphia_raw/Potential Dysgraphia Handwriting Dataset of School-Age Children/DATASET DYSGRAPHIA HANDWRITING/DATASET DYSGRAPHIA HANDWRITING/Low Potential Dysgraphia/LPD (67).jpg
0.09146646646646647,26,0.5377749676001619,3.152282948611304,4.238662828242779,1.118814066403278,0.6810035402936784,0.27894393209653146,0.03751089423894882,0.18785277009010315,0.28,0,/content/dysgraphia_raw/Potential Dysgraphia Handwriting Dataset of School-Age Children/DATASET DYSGRAPHIA HANDWRITING/DATASET DYSGRAPHIA HANDWRITING/Low Potential Dysgraphia/LPD (37).jpg
0.12590130554557433,60,0.3229176897642892,3.723102194472999,2.5967633306881046,0.9190641014400346,0.49414268606055733,1.4644735386655334,0.021414604038000107,0.33311668038368225,0.5423728813559322,0,/content/dysgraphia_raw/Potential Dysgraphia Handwriting Dataset of School-Age Children/DATASET DYSGRAPHIA HANDWRITING/DATASET DYSGRAPHIA HANDWRITING/Low Potential Dysgraphia/LPD (51).jpg
0.15900633283280016,24,0.4093475600058675,2.8128499016212465,2.213726033540939,0.9363298681474999,0.5236167087041815,0.3105489972740308,0.05709488317370415,0.36625298857688904,0.21739130434782608,0,/content/dysgraphia_raw/Potential Dysgraphia Handwriting Dataset of School-Age Children/DATASET DYSGRAPHIA HANDWRITING/DATASET DYSGRAPHIA HANDWRITING/Low Potential Dysgraphia/LPD (58).jpg
0.09311159018581254,17,0.6948220913987764,2.2883858089539517,3.39429260480297,0.9490679345475409,1.0804028866723374,0.8414030700933358,0.021795669570565224,0.2837843596935272,0.1875,0,/content/dysgraphia_raw/Potential Dysgraphia Handwriting Dataset of School-Age Children/DATASET DYSGRAPHIA HANDWRITING/DATASET DYSGRAPHIA HANDWRITING/Low Potential Dysgraphia/LPD (22).jpg
0.06556575954166316,30,0.3857843786639962,3.036234894791197,2.4477778422191947,1.2309888501972666,1.3102297537168914,1.0453101618234428,0.015550161711871624,0.28352636098861694,0.3448275862068966,0,/content/dysgraphia_raw/Potential Dysgraphia Handwriting Dataset of School-Age Children/DATASET DYSGRAPHIA HANDWRITING/DATASET DYSGRAPHIA HANDWRITING/Low Potential Dysgraphia/LPD (80).jpg
0.0843836528422932,13,0.4156677819064258,2.0512317185689866,1.818073295688354,0.705303667452422,1.9339353134198498,0.8640595309422637,0.01705894246697426,0.37342751026153564,0.3333333333333333,0,/content/dysgraphia_raw/Potential Dysgraphia Handwriting Dataset of School-Age Children/DATASET DYSGRAPHIA HANDWRITING/DATASET DYSGRAPHIA HANDWRITING/Low Potential Dysgraphia/LPD (92).jpg
0.10273435969757512,24,0.48876656182929457,3.2150321643629454,1.8859297217560371,1.1147942106335016,0.6545454287928475,0.21636859413495912,0.04050733521580696,0.36238977313041687,0.043478260869565216,0,/content/dysgraphia_raw/Potential Dysgraphia Handwriting Dataset of School-Age Children/DATASET DYSGRAPHIA HANDWRITING/DATASET DYSGRAPHIA HANDWRITING/Low Potential Dysgraphia/LPD (52).jpg
0.08119916806357484,74,0.40658043494072577,3.381951651153219,2.5984394264497785,0.8395908645826085,0.4547005005296705,2.511287628926676,0.012884422205388546,0.35830220580101013,0.5205479452054794,0,/content/dysgraphia_raw/Potential Dysgraphia Handwriting Dataset of School-Age Children/DATASET DYSGRAPHIA HANDWRITING/DATASET DYSGRAPHIA HANDWRITING/Low Potential Dysgraphia/LPD (72).jpg
0.09079402658896375,73,0.3254658491875008,3.123394316907001,2.237931317840023,1.058811878232679,0.40311659635429214,2.379601445412565,0.010857075452804565,0.439551442861557,0.7083333333333334,0,/content/dysgraphia_raw/Potential Dysgraphia Handwriting Dataset of School-Age Children/DATASET DYSGRAPHIA HANDWRITING/DATASET DYSGRAPHIA HANDWRITING/Low Potential Dysgraphia/LPD (135).jpg
0.1038316017796182,19,0.6049999792216547,2.3881000813728703,3.806015161658502,1.0488504556275595,0.8643136978902629,0.6321428020475057,0.024298077449202538,0.3467579483985901,0.16666666666666666,0,/content/dysgraphia_raw/Potential Dysgraphia Handwriting Dataset of School-Age Children/DATASET DYSGRAPHIA HANDWRITING/DATASET DYSGRAPHIA HANDWRITING/Low Potential Dysgraphia/LPD (16).jpg
0.1038215746421268,15,0.40022066529260464,2.7520873866233924,2.058654986554038,1.1535596479733776,1.1459700415510423,0.1420180733037229,0.036938391625881195,0.358703076839447,0.07142857142857142,0,/content/dysgraphia_raw/Potential Dysgraphia Handwriting Dataset of School-Age Children/DATASET DYSGRAPHIA HANDWRITING/DATASET DYSGRAPHIA HANDWRITING/Low Potential Dysgraphia/LPD (94).jpg
0.15524339319177818,43,0.3263009913499501,3.7536286082048154,2.4503378421248847,1.085523387030663,0.41278593139826847,0.1361101157488338,0.047007158398628235,0.34195438027381897,0.35714285714285715,0,/content/dysgraphia_raw/Potential Dysgraphia Handwriting Dataset of School-Age Children/DATASET DYSGRAPHIA HANDWRITING/DATASET DYSGRAPHIA HANDWRITING/Low Potential Dysgraphia/LPD (50).jpg
0.14128295946477765,7,0.7295042326905452,2.181716126443831,1.640459641385967,1.169967768564393,3.945454413310139,0.4544698853237504,0.048096977174282074,0.40159326791763306,0.16666666666666666,0,/content/dysgraphia_raw/Potential Dysgraphia Handwriting Dataset of School-Age Children/DATASET DYSGRAPHIA HANDWRITING/DATASET DYSGRAPHIA HANDWRITING/Low Potential Dysgraphia/LPD (46).jpg
0.0687277363595663,40,0.420120473055838,2.299907859756797,3.716753438627552,0.9234668042162973,0.7626133256383375,1.9829973306352449,0.007693266496062279,0.3351421654224396,0.5641025641025641,0,/content/dysgraphia_raw/Potential Dysgraphia Handwriting Dataset of School-Age Children/DATASET DYSGRAPHIA HANDWRITING/DATASET DYSGRAPHIA HANDWRITING/Low Potential Dysgraphia/LPD (57).jpg
0.08107265357031494,53,0.3976545346812438,2.809792978530183,1.9334782983776935,1.1546066483104438,0.36360923605259726,1.1485290834671729,0.014751283451914787,0.3320169448852539,0.7115384615384616,0,/content/dysgraphia_raw/Potential Dysgraphia Handwriting Dataset of School-Age Children/DATASET DYSGRAPHIA HANDWRITING/DATASET DYSGRAPHIA HANDWRITING/Low Potential Dysgraphia/LPD (56).jpg
0.09504286064168503,60,0.3837048361058064,3.6506311561852325,2.2268150591706455,0.8276206644312415,0.505508729533037,1.517696034966621,0.016579721122980118,0.3204696774482727,0.4406779661016949,0,/content/dysgraphia_raw/Potential Dysgraphia Handwriting Dataset of School-Age Children/DATASET DYSGRAPHIA HANDWRITING/DATASET DYSGRAPHIA HANDWRITING/Low Potential Dysgraphia/LPD (78).jpg
0.113268156424581,26,0.6789852195918188,3.2082331259425336,1.4479683740895806,1.0771405859022043,0.7428571065520962,0.4727022949435928,0.03768580034375191,0.34874898195266724,0.2,0,/content/dysgraphia_raw/Potential Dysgraphia Handwriting Dataset of School-Age Children/DATASET DYSGRAPHIA HANDWRITING/DATASET DYSGRAPHIA HANDWRITING/Low Potential Dysgraphia/LPD (73).jpg
0.11316328553492368,26,0.39235165235139713,3.171574933155299,2.4465637458822087,1.0875305650943377,0.4962884245810974,0.27588736275981257,0.04063253849744797,0.32298004627227783,0.08,0,/content/dysgraphia_raw/Potential Dysgraphia Handwriting Dataset of School-Age Children/DATASET DYSGRAPHIA HANDWRITING/DATASET DYSGRAPHIA HANDWRITING/Low Potential Dysgraphia/LPD (43).jpg
0.05883608857439151,29,0.5499382399688241,2.962818088990136,2.1279710385745787,1.0984512435828353,1.3464284700092841,1.2338071517684588,0.02011466957628727,0.1200677827000618,0.14285714285714285,0,/content/dysgraphia_raw/Potential Dysgraphia Handwriting Dataset of School-Age Children/DATASET DYSGRAPHIA HANDWRITING/DATASET DYSGRAPHIA HANDWRITING/Low Potential Dysgraphia/LPD (11).jpg
0.05359177310067758,12,0.3524044743318619,1.63048169533891,1.7014934952768292,1.0795947229302174,5.101063612720697,2.202041909632429,0.010286128148436546,0.226785346865654,0.2727272727272727,0,/content/dysgraphia_raw/Potential Dysgraphia Handwriting Dataset of School-Age Children/DATASET DYSGRAPHIA HANDWRITING/DATASET DYSGRAPHIA HANDWRITING/Low Potential Dysgraphia/LPD (123).jpg
0.15320882383401802,11,0.5666888690941629,2.4997354169900223,1.7235449851616953,0.8543280993713204,2.2827016500984887,0.34748084123133494,0.04631015658378601,0.39996859431266785,0.2,0,/content/dysgraphia_raw/Potential Dysgraphia Handwriting Dataset of School-Age Children/DATASET DYSGRAPHIA HANDWRITING/DATASET DYSGRAPHIA HANDWRITING/Low Potential Dysgraphia/LPD (88).jpg
0.06682888982931302,33,0.4992131488499032,3.2367883634381727,2.8986861660150733,1.07396441027619,1.392764798499692,1.4614110180335766,0.016503190621733665,0.2841220796108246,0.25,0,/content/dysgraphia_raw/Potential Dysgraphia Handwriting Dataset of School-Age Children/DATASET DYSGRAPHIA HANDWRITING/DATASET DYSGRAPHIA HANDWRITING/Low Potential Dysgraphia/LPD (119).jpg
0.09863083662364704,5,0.6528662637211102,1.2225641090812238,1.1614691393075427,0.9613899539661007,3.9481706113362627,0.4973905582389003,0.03716219961643219,0.3359849154949188,0.5,0,/content/dysgraphia_raw/Potential Dysgraphia Handwriting Dataset of School-Age Children/DATASET DYSGRAPHIA HANDWRITING/DATASET DYSGRAPHIA HANDWRITING/Low Potential Dysgraphia/LPD (128).jpg
0.05982905982905983,31,0.3832716683718452,2.7903780550613315,3.3578832294543726,1.3596321286739241,1.8468481031440724,1.5003520850213303,0.017191201448440552,0.2650107145309448,0.23333333333333334,0,/content/dysgraphia_raw/Potential Dysgraphia Handwriting Dataset of School-Age Children/DATASET DYSGRAPHIA HANDWRITING/DATASET DYSGRAPHIA HANDWRITING/Low Potential Dysgraphia/LPD (41).jpg
0.08258778258778258,11,0.4576322958244388,2.6431433550512167,2.082590160296911,1.2190722982389017,2.489952572987409,0.2457193358877218,0.04684268683195114,0.13896818459033966,0.1,0,/content/dysgraphia_raw/Potential Dysgraphia Handwriting Dataset of School-Age Children/DATASET DYSGRAPHIA HANDWRITING/DATASET DYSGRAPHIA HANDWRITING/Low Potential Dysgraphia/LPD (7).jpg
0.09111952861952861,13,0.44088949862330523,2.7957368032167573,2.160035908327876,0.9571471847429583,1.5065519183304976,0.36377880950069974,0.040691010653972626,0.12054954469203949,0.08333333333333333,0,/content/dysgraphia_raw/Potential Dysgraphia Handwriting Dataset of School-Age Children/DATASET DYSGRAPHIA HANDWRITING/DATASET DYSGRAPHIA HANDWRITING/Low Potential Dysgraphia/LPD (10).jpg
0.11648079306071871,24,0.48283343418633734,3.3924792974052242,2.183092370155546,0.9294873069496231,0.6985307496252536,0.2676197233343084,0.03727784380316734,0.32644331455230713,0.17391304347826086,0,/content/dysgraphia_raw/Potential Dysgraphia Handwriting Dataset of School-Age Children/DATASET DYSGRAPHIA HANDWRITING/DATASET DYSGRAPHIA HANDWRITING/Low Potential Dysgraphia/LPD (112).jpg
0.06390056022408963,45,0.4634037433881956,3.5737532584925593,2.972462973906612,1.1382025134133547,0.5930184884632449,0.8093369849272836,0.014691079035401344,0.28271207213401794,0.25,0,/content/dysgraphia_raw/Potential Dysgraphia Handwriting Dataset of School-Age Children/DATASET DYSGRAPHIA HANDWRITING/DATASET DYSGRAPHIA HANDWRITING/Low Potential Dysgraphia/LPD (65).jpg
0.16429357798165137,24,0.3364261140216675,2.7550403185530254,4.273309315175436,1.1451509539845188,0.4391784900309232,0.1859245889136066,0.06299149990081787,0.34733328223228455,0.21739130434782608,0,/content/dysgraphia_raw/Potential Dysgraphia Handwriting Dataset of School-Age Children/DATASET DYSGRAPHIA HANDWRITING/DATASET DYSGRAPHIA HANDWRITING/Low Potential Dysgraphia/LPD (28).jpg
0.08042177533702957,44,0.47582575689246137,3.6146093395251864,2.641188137617954,0.990982026403956,0.9341985147280957,1.194864617536149,0.012806481681764126,0.2943848669528961,0.4418604651162791,0,/content/dysgraphia_raw/Potential Dysgraphia Handwriting Dataset of School-Age Children/DATASET DYSGRAPHIA HANDWRITING/DATASET DYSGRAPHIA HANDWRITING/Low Potential Dysgraphia/LPD (117).jpg
0.09146072374227714,44,0.42516457559183446,4.244802720914911,2.4776235093691326,1.2695089635383232,0.7471939154024941,0.2895449198002466,0.03497344255447388,0.30893003940582275,0.11627906976744186,0,/content/dysgraphia_raw/Potential Dysgraphia Handwriting Dataset of School-Age Children/DATASET DYSGRAPHIA HANDWRITING/DATASET DYSGRAPHIA HANDWRITING/Low Potential Dysgraphia/LPD (53).jpg
0.08334026560009583,49,0.4065050040161472,2.9934295011602035,2.1937394922753293,0.8362042901591379,0.5961858433239953,1.7341745884295454,0.010215552523732185,0.35058507323265076,0.5208333333333334,0,/content/dysgraphia_raw/Potential Dysgraphia Handwriting Dataset of School-Age Children/DATASET DYSGRAPHIA HANDWRITING/DATASET DYSGRAPHIA HANDWRITING/Low Potential Dysgraphia/LPD (96).jpg
0.12063740856844306,16,0.5029445140331819,2.823891689710868,1.8403023278294246,0.902638694995194,1.237569006074298,0.1835510039356486,0.04199140891432762,0.32363221049308777,0.13333333333333333,0,/content/dysgraphia_raw/Potential Dysgraphia Handwriting Dataset of School-Age Children/DATASET DYSGRAPHIA HANDWRITING/DATASET DYSGRAPHIA HANDWRITING/Low Potential Dysgraphia/LPD (130).jpg
0.07568011590304904,38,0.458119630208562,2.820084524686732,2.313096166644446,0.9116692541504323,0.9871025999001828,2.0419863775501956,0.010982702486217022,0.34987545013427734,0.4594594594594595,0,/content/dysgraphia_raw/Potential Dysgraphia Handwriting Dataset of School-Age Children/DATASET DYSGRAPHIA HANDWRITING/DATASET DYSGRAPHIA HANDWRITING/Low Potential Dysgraphia/LPD (120).jpg
0.10735824319895117,26,0.4392086355498053,3.007015590759598,1.9488017066690424,1.2602770753636894,0.32452672175645003,0.35923622615084566,0.032558463513851166,0.3555968403816223,0.08,0,/content/dysgraphia_raw/Potential Dysgraphia Handwriting Dataset of School-Age Children/DATASET DYSGRAPHIA HANDWRITING/DATASET DYSGRAPHIA HANDWRITING/Low Potential Dysgraphia/LPD (109).jpg
0.06835853562361822,19,0.567664032354161,2.5308382176980166,2.4218905964759334,0.7247266473363719,1.438019415575992,0.712990224514107,0.012208893895149231,0.2865678369998932,0.16666666666666666,0,/content/dysgraphia_raw/Potential Dysgraphia Handwriting Dataset of School-Age Children/DATASET DYSGRAPHIA HANDWRITING/DATASET DYSGRAPHIA HANDWRITING/Low Potential Dysgraphia/LPD (23).jpg
0.07097407928688716,16,0.4741008724199058,1.9004431018613703,3.282223037433939,0.8100023393769281,2.8059699817331354,1.1350890329880592,0.019899729639291763,0.11791849881410599,0.4,0,/content/dysgraphia_raw/Potential Dysgraphia Handwriting Dataset of School-Age Children/DATASET DYSGRAPHIA HANDWRITING/DATASET DYSGRAPHIA HANDWRITING/Low Potential Dysgraphia/LPD (5).jpg
0.06509541117673785,14,0.688904149324856,2.236626089748654,1.9919509036589558,1.1742010891279746,4.043988087163001,1.6192166026405301,0.016696589067578316,0.3098754286766052,0.15384615384615385,0,/content/dysgraphia_raw/Potential Dysgraphia Handwriting Dataset of School-Age Children/DATASET DYSGRAPHIA HANDWRITING/DATASET DYSGRAPHIA HANDWRITING/Low Potential Dysgraphia/LPD (83).jpg
0.10837441810893138,24,0.5184896333670224,2.3111873796255025,1.8732039497853104,1.3112743959578368,1.2313015369729154,1.6406240398898086,0.012465366162359715,0.36767396330833435,0.2608695652173913,0,/content/dysgraphia_raw/Potential Dysgraphia Handwriting Dataset of School-Age Children/DATASET DYSGRAPHIA HANDWRITING/DATASET DYSGRAPHIA HANDWRITING/Low Potential Dysgraphia/LPD (93).jpg
0.0695613388666951,54,0.40485908069901344,3.1444000899301914,2.390745736293826,0.7507849969722974,0.7171205050749285,1.8176888882237199,0.009547009132802486,0.2894110679626465,0.6415094339622641,0,/content/dysgraphia_raw/Potential Dysgraphia Handwriting Dataset of School-Age Children/DATASET DYSGRAPHIA HANDWRITING/DATASET DYSGRAPHIA HANDWRITING/Low Potential Dysgraphia/LPD (126).jpg
0.07430668511261483,33,0.3702835781648838,3.1691922121200244,2.6417260604924198,1.0883910876297616,0.9503599465498518,0.957837870228583,0.018088284879922867,0.3251650929450989,0.09375,0,/content/dysgraphia_raw/Potential Dysgraphia Handwriting Dataset of School-Age Children/DATASET DYSGRAPHIA HANDWRITING/DATASET DYSGRAPHIA HANDWRITING/Low Potential Dysgraphia/LPD (77).jpg
0.08127708691769933,48,0.4075765142877867,3.5733115709149788,2.961559317836082,1.100538014397526,0.45304657939337933,0.7964102587676615,0.017836429178714752,0.3690307140350342,0.23404255319148937,0,/content/dysgraphia_raw/Potential Dysgraphia Handwriting Dataset of School-Age Children/DATASET DYSGRAPHIA HANDWRITING/DATASET DYSGRAPHIA HANDWRITING/Low Potential Dysgraphia/LPD (110).jpg
0.13255829380742312,17,0.6948513470282993,2.3494255379859847,1.853479245140846,0.9925507320321704,1.122165686798197,0.45220617470399394,0.02911483682692051,0.4423232674598694,0.1875,0,/content/dysgraphia_raw/Potential Dysgraphia Handwriting Dataset of School-Age Children/DATASET DYSGRAPHIA HANDWRITING/DATASET DYSGRAPHIA HANDWRITING/Low Potential Dysgraphia/LPD (97).jpg
0.09423511603755015,36,0.5010804388428761,2.7851539298911736,2.0896272292493836,0.9767671350628326,1.1214806669725714,2.453764470494707,0.012657073326408863,0.41028252243995667,0.3142857142857143,0,/content/dysgraphia_raw/Potential Dysgraphia Handwriting Dataset of School-Age Children/DATASET DYSGRAPHIA HANDWRITING/DATASET DYSGRAPHIA HANDWRITING/Low Potential Dysgraphia/LPD (105).jpg
0.05368442902470124,18,0.44421317477521904,2.563818079670471,2.6122921260515066,0.8430729292536565,2.9604059561235854,1.2936819263332795,0.015599379315972328,0.23260654509067535,0.11764705882352941,0,/content/dysgraphia_raw/Potential Dysgraphia Handwriting Dataset of School-Age Children/DATASET DYSGRAPHIA HANDWRITING/DATASET DYSGRAPHIA HANDWRITING/Low Potential Dysgraphia/LPD (122).jpg
0.09478619823215327,46,0.3081738832799805,3.4582636810385594,2.9763687613895007,1.2590366770229184,0.3855208281970617,0.8494259426573492,0.01922660693526268,0.3601424992084503,0.26666666666666666,0,/content/dysgraphia_raw/Potential Dysgraphia Handwriting Dataset of School-Age Children/DATASET DYSGRAPHIA HANDWRITING/DATASET DYSGRAPHIA HANDWRITING/Low Potential Dysgraphia/LPD (32).jpg
0.15077416918429004,26,0.4274907601851585,1.9662615760822797,1.677848064890288,1.1352644449240559,1.0435134951815197,1.4754388039496136,0.011177358217537403,0.37412554025650024,0.6,0,/content/dysgraphia_raw/Potential Dysgraphia Handwriting Dataset of School-Age Children/DATASET DYSGRAPHIA HANDWRITING/DATASET DYSGRAPHIA HANDWRITING/Low Potential Dysgraphia/LPD (90).jpg
0.07034869145329889,22,0.5470251914944628,2.6888696519847515,2.0239733649099687,1.6038467512783459,1.3781859834424246,0.9397847215099672,0.015556531958281994,0.3213444650173187,0.09523809523809523,0,/content/dysgraphia_raw/Potential Dysgraphia Handwriting Dataset of School-Age Children/DATASET DYSGRAPHIA HANDWRITING/DATASET DYSGRAPHIA HANDWRITING/Low Potential Dysgraphia/LPD (107).jpg
0.08034997402352052,73,0.43948465767233064,3.607574600370652,2.5883303514897373,0.9022236859493428,0.4285281692203185,2.1174517533503856,0.016154946759343147,0.17219828069210052,0.5277777777777778,0,/content/dysgraphia_raw/Potential Dysgraphia Handwriting Dataset of School-Age Children/DATASET DYSGRAPHIA HANDWRITING/DATASET DYSGRAPHIA HANDWRITING/Low Potential Dysgraphia/LPD (3).jpg
0.11398802347078209,44,0.4087270194834315,2.8554041259740877,3.305695524541354,1.12263739205865,0.4769752073490587,1.1781879918386549,0.018665861338377,0.44116926193237305,0.4418604651162791,0,/content/dysgraphia_raw/Potential Dysgraphia Handwriting Dataset of School-Age Children/DATASET DYSGRAPHIA HANDWRITING/DATASET DYSGRAPHIA HANDWRITING/Low Potential Dysgraphia/LPD (134).jpg
0.11245760098674067,54,0.4848361928264943,3.374059838233169,2.009707549380136,0.8001205706960922,0.6935889538057567,1.716271740192241,0.01913348026573658,0.3587372303009033,0.5849056603773585,0,/content/dysgraphia_raw/Potential Dysgraphia Handwriting Dataset of School-Age Children/DATASET DYSGRAPHIA HANDWRITING/DATASET DYSGRAPHIA HANDWRITING/Low Potential Dysgraphia/LPD (87).jpg
0.08672369211980116,68,0.6116686538784275,2.444850509012116,5.932783664219963,1.2186042577043978,0.33882352037647084,1.9696727813908022,0.008353359997272491,0.34609514474868774,0.746268656716418,0,/content/dysgraphia_raw/Potential Dysgraphia Handwriting Dataset of School-Age Children/DATASET DYSGRAPHIA HANDWRITING/DATASET DYSGRAPHIA HANDWRITING/Low Potential Dysgraphia/LPD (18).jpg
0.11360657390602945,29,0.4285714052094534,3.4329700226138966,2.496437781723062,1.2473573661331059,0.763157853136132,0.4346537552077263,0.04662599787116051,0.35568928718566895,0.17857142857142858,0,/content/dysgraphia_raw/Potential Dysgraphia Handwriting Dataset of School-Age Children/DATASET DYSGRAPHIA HANDWRITING/DATASET DYSGRAPHIA HANDWRITING/Low Potential Dysgraphia/LPD (70).jpg
0.15710382513661203,44,0.3550112351466321,3.99194407936712,2.5578761651616175,1.039715227339691,0.6156505869993587,0.23133965220020666,0.05342872440814972,0.3953396677970886,0.2558139534883721,0,/content/dysgraphia_raw/Potential Dysgraphia Handwriting Dataset of School-Age Children/DATASET DYSGRAPHIA HANDWRITING/DATASET DYSGRAPHIA HANDWRITING/Low Potential Dysgraphia/LPD (59).jpg
0.08536419610454922,81,0.31288034645115237,3.634789415567921,2.979000723106443,0.7810115715642824,0.36285166862950585,1.7720829198134849,0.010723252780735493,0.3234608471393585,0.65,0,/content/dysgraphia_raw/Potential Dysgraphia Handwriting Dataset of School-Age Children/DATASET DYSGRAPHIA HANDWRITING/DATASET DYSGRAPHIA HANDWRITING/Low Potential Dysgraphia/LPD (45).jpg
0.07376503910817764,67,0.5442086832513385,3.073174533845851,2.0124750846982264,1.0027681019232157,0.3977366565035214,1.464775800358454,0.008006288670003414,0.29846611618995667,0.6515151515151515,0,/content/dysgraphia_raw/Potential Dysgraphia Handwriting Dataset of School-Age Children/DATASET DYSGRAPHIA HANDWRITING/DATASET DYSGRAPHIA HANDWRITING/Low Potential Dysgraphia/LPD (15).jpg
0.15092683325167403,17,0.5574046885300217,2.2513905732904473,1.7316757138608136,0.9307278347235858,1.6055555214375008,0.847711976120921,0.023585384711623192,0.3934027850627899,0.4375,0,/content/dysgraphia_raw/Potential Dysgraphia Handwriting Dataset of School-Age Children/DATASET DYSGRAPHIA HANDWRITING/DATASET DYSGRAPHIA HANDWRITING/Low Potential Dysgraphia/LPD (89).jpg
0.08971322881194793,20,0.5278058035580323,3.0765593036151375,2.0468049976055727,1.155600303734325,0.8211973844272691,0.23091016682301363,0.02718791365623474,0.2857736349105835,0.15789473684210525,0,/content/dysgraphia_raw/Potential Dysgraphia Handwriting Dataset of School-Age Children/DATASET DYSGRAPHIA HANDWRITING/DATASET DYSGRAPHIA HANDWRITING/Low Potential Dysgraphia/LPD (115).jpg
0.05857369961693915,18,0.4793606155430563,2.4932574057492793,2.478355058773837,1.0720347580800977,2.5412417987873677,0.9243514879649822,0.014815893955528736,0.22894977033138275,0.23529411764705882,0,/content/dysgraphia_raw/Potential Dysgraphia Handwriting Dataset of School-Age Children/DATASET DYSGRAPHIA HANDWRITING/DATASET DYSGRAPHIA HANDWRITING/Low Potential Dysgraphia/LPD (68).jpg
0.0862482853223594,32,0.6910097609869017,3.13478899626247,2.080433348914262,1.0050473296091122,1.3258033524295556,1.3369232479423385,0.01121986098587513,0.36400434374809265,0.45161290322580644,0,/content/dysgraphia_raw/Potential Dysgraphia Handwriting Dataset of School-Age Children/DATASET DYSGRAPHIA HANDWRITING/DATASET DYSGRAPHIA HANDWRITING/Low Potential Dysgraphia/LPD (48).jpg
0.09176646706586826,27,0.47366191969457794,3.1557864769657975,2.326153420297193,1.1005182275103398,0.42172690707231875,0.2203442349072937,0.029676586389541626,0.3048103451728821,0.15384615384615385,0,/content/dysgraphia_raw/Potential Dysgraphia Handwriting Dataset of School-Age Children/DATASET DYSGRAPHIA HANDWRITING/DATASET DYSGRAPHIA HANDWRITING/Low Potential Dysgraphia/LPD (64).jpg
0.08611595812182742,16,0.5006906692269372,3.05197659482912,2.1165598731225095,1.1222674812330948,1.5815227385091544,0.20380074267640294,0.03513564169406891,0.29546767473220825,0.13333333333333333,0,/content/dysgraphia_raw/Potential Dysgraphia Handwriting Dataset of School-Age Children/DATASET DYSGRAPHIA HANDWRITING/DATASET DYSGRAPHIA HANDWRITING/Low Potential Dysgraphia/LPD (118).jpg
0.0938570729319628,8,0.7159190218735453,2.260348948134527,1.6833537023593972,0.3081940180472881,4.599078171462556,0.46266912204025845,0.03241204842925072,0.2938106656074524,0.42857142857142855,0,/content/dysgraphia_raw/Potential Dysgraphia Handwriting Dataset of School-Age Children/DATASET DYSGRAPHIA HANDWRITING/DATASET DYSGRAPHIA HANDWRITING/Low Potential Dysgraphia/LPD (34).jpg
0.10795763172189028,31,0.6088699335386921,3.5876897064159503,1.8380168958533218,1.200877531565389,0.6583011320368917,0.6054407289780294,0.03236602991819382,0.4078322649002075,0.26666666666666666,0,/content/dysgraphia_raw/Potential Dysgraphia Handwriting Dataset of School-Age Children/DATASET DYSGRAPHIA HANDWRITING/DATASET DYSGRAPHIA HANDWRITING/Low Potential Dysgraphia/LPD (100).jpg
0.0659339458762605,27,0.5091005132752792,2.8189116305265403,2.085610326919194,1.5579228212435645,1.1165806062610626,1.24532235969623,0.015263509936630726,0.33392298221588135,0.23076923076923078,0,/content/dysgraphia_raw/Potential Dysgraphia Handwriting Dataset of School-Age Children/DATASET DYSGRAPHIA HANDWRITING/DATASET DYSGRAPHIA HANDWRITING/Low Potential Dysgraphia/LPD (95).jpg
0.0989846025801082,43,0.4998591899838945,2.818906388331855,5.348215513088354,1.3847004703847008,0.7668789598880286,1.1669988910307685,0.015434869565069675,0.40576601028442383,0.5,0,/content/dysgraphia_raw/Potential Dysgraphia Handwriting Dataset of School-Age Children/DATASET DYSGRAPHIA HANDWRITING/DATASET DYSGRAPHIA HANDWRITING/Low Potential Dysgraphia/LPD (98).jpg
0.07791851228172933,18,0.7308013089817667,3.487847141990173,2.160866048281974,1.0773522135680802,3.602925015415912,0.5311184912661464,0.03645757585763931,0.2577470541000366,0.23529411764705882,0,/content/dysgraphia_raw/Potential Dysgraphia Handwriting Dataset of School-Age Children/DATASET DYSGRAPHIA HANDWRITING/DATASET DYSGRAPHIA HANDWRITING/Low Potential Dysgraphia/LPD (121).jpg
0.08102851569156282,74,0.3485925119151209,4.067343946086225,2.9070533282072035,1.0426189161372479,0.4553571213670746,1.8338442769200205,0.01587415114045143,0.2775048613548279,0.4931506849315068,0,/content/dysgraphia_raw/Potential Dysgraphia Handwriting Dataset of School-Age Children/DATASET DYSGRAPHIA HANDWRITING/DATASET DYSGRAPHIA HANDWRITING/Low Potential Dysgraphia/LPD (54).jpg
0.09845831747240198,28,0.5298580850293326,3.2610145031763356,2.4025706972837537,1.10706519645195,0.520503931867309,0.4062201830047727,0.03635653108358383,0.3180343210697174,0.14814814814814814,0,/content/dysgraphia_raw/Potential Dysgraphia Handwriting Dataset of School-Age Children/DATASET DYSGRAPHIA HANDWRITING/DATASET DYSGRAPHIA HANDWRITING/Low Potential Dysgraphia/LPD (61).jpg
0.09316213795162735,15,0.6918272646427914,2.8930366251443136,1.7425968593553203,0.9044156109284786,1.5874999404687522,0.5241063626769271,0.03087111935019493,0.34708088636398315,0.14285714285714285,0,/content/dysgraphia_raw/Potential Dysgraphia Handwriting Dataset of School-Age Children/DATASET DYSGRAPHIA HANDWRITING/DATASET DYSGRAPHIA HANDWRITING/Low Potential Dysgraphia/LPD (25).jpg
0.06878633806463762,29,0.500525219313985,3.050236016719076,2.834781206617318,1.0943946950260992,1.2982367870279434,1.345946216140052,0.016761699691414833,0.33129897713661194,0.21428571428571427,0,/content/dysgraphia_raw/Potential Dysgraphia Handwriting Dataset of School-Age Children/DATASET DYSGRAPHIA HANDWRITING/DATASET DYSGRAPHIA HANDWRITING/Low Potential Dysgraphia/LPD (62).jpg
0.09176766159188034,43,0.6376102066963,2.9212231342838573,4.548473528690287,1.1643075453792051,0.9601300078750821,1.6246927298909029,0.011877905577421188,0.302663117647171,0.4523809523809524,0,/content/dysgraphia_raw/Potential Dysgraphia Handwriting Dataset of School-Age Children/DATASET DYSGRAPHIA HANDWRITING/DATASET DYSGRAPHIA HANDWRITING/Low Potential Dysgraphia/LPD (24).jpg
0.09461281658130254,16,0.5282271349825837,2.4203959571894953,2.0886032462272177,0.6266212879900547,2.540145911236616,1.1320223926231168,0.015527050942182541,0.3135981261730194,0.26666666666666666,0,/content/dysgraphia_raw/Potential Dysgraphia Handwriting Dataset of School-Age Children/DATASET DYSGRAPHIA HANDWRITING/DATASET DYSGRAPHIA HANDWRITING/Low Potential Dysgraphia/LPD (21).jpg
0.16560022256224788,48,0.2944899704317628,3.919728694713694,5.492511560808648,1.1017277654902793,0.3819701585303435,0.21161786140924727,0.06260896474123001,0.3412216901779175,0.1276595744680851,0,/content/dysgraphia_raw/Potential Dysgraphia Handwriting Dataset of School-Age Children/DATASET DYSGRAPHIA HANDWRITING/DATASET DYSGRAPHIA HANDWRITING/Low Potential Dysgraphia/LPD (29).jpg
0.11687812379853903,31,0.577070088434168,3.7085827305003787,2.230442932410882,1.4695257439102576,1.277199936650883,0.6962114275970568,0.04099583625793457,0.4144899547100067,0.3333333333333333,0,/content/dysgraphia_raw/Potential Dysgraphia Handwriting Dataset of School-Age Children/DATASET DYSGRAPHIA HANDWRITING/DATASET DYSGRAPHIA HANDWRITING/Low Potential Dysgraphia/LPD (103).jpg
0.11012668942749923,6,0.9684271461283939,2.083333719699016,1.571760482970769,0.44564289830497805,6.80454508338845,0.8234677283168235,0.036619458347558975,0.30220577120780945,0.2,0,/content/dysgraphia_raw/Potential Dysgraphia Handwriting Dataset of School-Age Children/DATASET DYSGRAPHIA HANDWRITING/DATASET DYSGRAPHIA HANDWRITING/Low Potential Dysgraphia/LPD (19).jpg
0.06242701877301716,29,0.3621384034237211,2.820065243310374,2.9673079475554145,0.8470160054288675,1.5660293112733161,1.4357608420639654,0.015307857654988766,0.2219727784395218,0.21428571428571427,0,/content/dysgraphia_raw/Potential Dysgraphia Handwriting Dataset of School-Age Children/DATASET DYSGRAPHIA HANDWRITING/DATASET DYSGRAPHIA HANDWRITING/Low Potential Dysgraphia/LPD (39).jpg
0.07473962686512926,48,0.47903256318911724,3.169418577598214,2.3509834772717375,0.9779286334411397,0.6614840765008935,1.508983150768427,0.011225680820643902,0.3328748643398285,0.3617021276595745,0,/content/dysgraphia_raw/Potential Dysgraphia Handwriting Dataset of School-Age Children/DATASET DYSGRAPHIA HANDWRITING/DATASET DYSGRAPHIA HANDWRITING/Low Potential Dysgraphia/LPD (63).jpg
0.09033043760656004,76,0.35445722760704157,3.3802503281484455,2.3978692863465723,0.9120716805369827,0.26143789824426544,2.58992597724062,0.011654447764158249,0.32435503602027893,0.68,0,/content/dysgraphia_raw/Potential Dysgraphia Handwriting Dataset of School-Age Children/DATASET DYSGRAPHIA HANDWRITING/DATASET DYSGRAPHIA HANDWRITING/Low Potential Dysgraphia/LPD (75).jpg
0.10392416497300404,31,0.4295640188065486,3.1003788815705264,2.3505780000217635,1.694780313492269,1.105906944852916,1.0894027800680606,0.015634814277291298,0.3023759126663208,0.3333333333333333,0,/content/dysgraphia_raw/Potential Dysgraphia Handwriting Dataset of School-Age Children/DATASET DYSGRAPHIA HANDWRITING/DATASET DYSGRAPHIA HANDWRITING/Low Potential Dysgraphia/LPD (36).jpg
0.07565410921724025,51,0.3461223348545199,3.6766362348139037,2.948661821620395,1.4136089914803716,0.3910112227749026,1.0819444309001602,0.016686275601387024,0.32813704013824463,0.2,0,/content/dysgraphia_raw/Potential Dysgraphia Handwriting Dataset of School-Age Children/DATASET DYSGRAPHIA HANDWRITING/DATASET DYSGRAPHIA HANDWRITING/Low Potential Dysgraphia/LPD (44).jpg
0.07956291528239202,15,0.5259808802859925,2.265774440797647,1.8638816774741727,1.228441252501216,3.765182071907428,1.111267782722026,0.01773509941995144,0.386719286441803,0.5,0,/content/dysgraphia_raw/Potential Dysgraphia Handwriting Dataset of School-Age Children/DATASET DYSGRAPHIA HANDWRITING/DATASET DYSGRAPHIA HANDWRITING/Low Potential Dysgraphia/LPD (47).jpg
0.09546190107647928,57,0.414877851417056,3.281153635555899,2.5472026691213627,1.197111312979932,0.46647066692183403,1.805246339303668,0.011232634074985981,0.42471078038215637,0.5,0,/content/dysgraphia_raw/Potential Dysgraphia Handwriting Dataset of School-Age Children/DATASET DYSGRAPHIA HANDWRITING/DATASET DYSGRAPHIA HANDWRITING/Low Potential Dysgraphia/LPD (102).jpg
0.10442773600668337,41,0.48442012728237527,3.095752696747784,2.268118960636048,1.4013402379995432,1.0856074505979751,1.7205794948680466,0.025440489873290062,0.12205864489078522,0.4,0,/content/dysgraphia_raw/Potential Dysgraphia Handwriting Dataset of School-Age Children/DATASET DYSGRAPHIA HANDWRITING/DATASET DYSGRAPHIA HANDWRITING/Low Potential Dysgraphia/LPD (12).jpg
0.11476700940713191,19,0.6101178699989265,2.9714192395615453,1.586562706395497,0.9928201754387118,1.1683430927721188,0.5003300214613602,0.03822094574570656,0.3290960192680359,0.3888888888888889,0,/content/dysgraphia_raw/Potential Dysgraphia Handwriting Dataset of School-Age Children/DATASET DYSGRAPHIA HANDWRITING/DATASET DYSGRAPHIA HANDWRITING/Low Potential Dysgraphia/LPD (85).jpg
0.05809754462596361,26,0.42006122936764284,2.8852567832285003,2.4500028457561362,1.0682993280706115,1.506718872878001,1.2630969448365654,0.014388298615813255,0.24371632933616638,0.24,0,/content/dysgraphia_raw/Potential Dysgraphia Handwriting Dataset of School-Age Children/DATASET DYSGRAPHIA HANDWRITING/DATASET DYSGRAPHIA HANDWRITING/Low Potential Dysgraphia/LPD (125).jpg
0.06785319943214681,30,0.458846702518164,3.1019230649924845,2.393417103059684,1.0089420087787253,1.2399420590473778,0.9354021318394383,0.01676141284406185,0.2816917300224304,0.13793103448275862,0,/content/dysgraphia_raw/Potential Dysgraphia Handwriting Dataset of School-Age Children/DATASET DYSGRAPHIA HANDWRITING/DATASET DYSGRAPHIA HANDWRITING/Low Potential Dysgraphia/LPD (131).jpg
0.09332342835917913,68,0.4159931294365193,3.341451776349869,2.375719486283609,1.0222438625657044,0.34130497938792215,1.703446621098622,0.011219080537557602,0.34742727875709534,0.5970149253731343,0,/content/dysgraphia_raw/Potential Dysgraphia Handwriting Dataset of School-Age Children/DATASET DYSGRAPHIA HANDWRITING/DATASET DYSGRAPHIA HANDWRITING/Low Potential Dysgraphia/LPD (111).jpg
0.1323979252560181,90,0.28016243379943556,4.031353064222912,3.0788428360684703,0.9551221264636509,0.26335255642769784,1.550417874414593,0.021154627203941345,0.41566863656044006,0.6966292134831461,0,/content/dysgraphia_raw/Potential Dysgraphia Handwriting Dataset of School-Age Children/DATASET DYSGRAPHIA HANDWRITING/DATASET DYSGRAPHIA HANDWRITING/Low Potential Dysgraphia/LPD (60).jpg
0.07646879319320038,23,0.5766638243887021,2.6201438284534646,1.9284429519607689,1.3115621053274091,0.7440052048897107,0.18423834305386366,0.019013233482837677,0.2533982992172241,0.18181818181818182,0,/content/dysgraphia_raw/Potential Dysgraphia Handwriting Dataset of School-Age Children/DATASET DYSGRAPHIA HANDWRITING/DATASET DYSGRAPHIA HANDWRITING/Low Potential Dysgraphia/LPD (13).jpg
0.14435726367224205,14,0.37547379475883996,2.083289686585881,1.7768488738615291,1.2219605205748727,1.5085508252132152,0.5826684445877813,0.021804925054311752,0.41436561942100525,0.15384615384615385,1,/content/dysgraphia_raw/Potential Dysgraphia Handwriting Dataset of School-Age Children/DATASET DYSGRAPHIA HANDWRITING/DATASET DYSGRAPHIA HANDWRITING/Potential Dysgraphia/PD (32).jpg
0.07601661354196851,14,0.543338448485889,2.9299827484973235,2.070949138566274,0.7129014376086702,2.130984562329402,0.4560662235077221,0.03438509255647659,0.32985037565231323,0.07692307692307693,1,/content/dysgraphia_raw/Potential Dysgraphia Handwriting Dataset of School-Age Children/DATASET DYSGRAPHIA HANDWRITING/DATASET DYSGRAPHIA HANDWRITING/Potential Dysgraphia/PD (88).jpg
0.07825042338459844,40,0.49542030899920647,2.8133533533637496,3.295213033133904,1.4134565868143787,0.6982429122003695,2.1354218218302923,0.010161270387470722,0.33791545033454895,0.48717948717948717,1,/content/dysgraphia_raw/Potential Dysgraphia Handwriting Dataset of School-Age Children/DATASET DYSGRAPHIA HANDWRITING/DATASET DYSGRAPHIA HANDWRITING/Potential Dysgraphia/PD (69).jpg
0.08019133066695493,29,0.5968063778254402,2.0838395927362794,1.9806147502377651,1.1506596818979828,0.7792645631427291,1.2268331663173482,0.008847386576235294,0.34617969393730164,0.5714285714285714,1,/content/dysgraphia_raw/Potential Dysgraphia Handwriting Dataset of School-Age Children/DATASET DYSGRAPHIA HANDWRITING/DATASET DYSGRAPHIA HANDWRITING/Potential Dysgraphia/PD (47).jpg
0.07645100894528813,19,0.4845010662854502,3.177904634661674,2.447471120763084,1.26582801442553,1.3907372306084473,0.4325824801141882,0.037381187081336975,0.33884045481681824,0.05555555555555555,1,/content/dysgraphia_raw/Potential Dysgraphia Handwriting Dataset of School-Age Children/DATASET DYSGRAPHIA HANDWRITING/DATASET DYSGRAPHIA HANDWRITING/Potential Dysgraphia/PD (67).jpg
0.14500514242275186,21,0.4970500799068727,3.480575311900258,2.4970117279960715,0.9984487433564531,1.6631892176945253,0.6052138561951329,0.041107192635536194,0.38714805245399475,0.3,1,/content/dysgraphia_raw/Potential Dysgraphia Handwriting Dataset of School-Age Children/DATASET DYSGRAPHIA HANDWRITING/DATASET DYSGRAPHIA HANDWRITING/Potential Dysgraphia/PD (23).jpg
0.13492604776806014,8,0.4711672478157464,2.264451110645323,1.8629497098549503,1.1842007355187865,0.8306997592650157,0.25618529486096275,0.026806790381669998,0.4914639890193939,0.14285714285714285,1,/content/dysgraphia_raw/Potential Dysgraphia Handwriting Dataset of School-Age Children/DATASET DYSGRAPHIA HANDWRITING/DATASET DYSGRAPHIA HANDWRITING/Potential Dysgraphia/PD (40).jpg
0.11377978560324141,69,0.3290156741774709,2.7470067279265282,6.028521452847334,0.7995450679089036,0.2971729303433732,1.8090387559420102,0.009743040427565575,0.3967849314212799,0.75,1,/content/dysgraphia_raw/Potential Dysgraphia Handwriting Dataset of School-Age Children/DATASET DYSGRAPHIA HANDWRITING/DATASET DYSGRAPHIA HANDWRITING/Potential Dysgraphia/PD (81).jpg
0.134623500331585,21,0.39869651804862455,2.374491984753569,2.536201090403443,1.015292786387293,0.44963502500932423,0.37211165933149704,0.030946487560868263,0.4563603699207306,0.25,1,/content/dysgraphia_raw/Potential Dysgraphia Handwriting Dataset of School-Age Children/DATASET DYSGRAPHIA HANDWRITING/DATASET DYSGRAPHIA HANDWRITING/Potential Dysgraphia/PD (10).jpg
0.15281124497991969,9,0.6881842219426536,2.239243907930124,1.682899979845237,0.5502936896152976,5.741839609268379,0.5728463245311863,0.03483634069561958,0.45155391097068787,0.5,1,/content/dysgraphia_raw/Potential Dysgraphia Handwriting Dataset of School-Age Children/DATASET DYSGRAPHIA HANDWRITING/DATASET DYSGRAPHIA HANDWRITING/Potential Dysgraphia/PD (52).jpg
0.14635812615574276,16,0.8277591194350907,1.8584866298493659,3.075890698178164,0.8179499983280023,2.0925925538408787,2.0137970551236437,0.011969729326665401,0.3758601248264313,0.4666666666666667,1,/content/dysgraphia_raw/Potential Dysgraphia Handwriting Dataset of School-Age Children/DATASET DYSGRAPHIA HANDWRITING/DATASET DYSGRAPHIA HANDWRITING/Potential Dysgraphia/PD (108).jpg
0.15970490440565255,16,1.1397802890277966,2.9611138924770417,1.0496996390847992,0.8028903404196485,1.6510535471901957,0.9623589659762671,0.018099889159202576,0.45361363887786865,0.26666666666666666,1,/content/dysgraphia_raw/Potential Dysgraphia Handwriting Dataset of School-Age Children/DATASET DYSGRAPHIA HANDWRITING/DATASET DYSGRAPHIA HANDWRITING/Potential Dysgraphia/PD (84).jpg
0.1156162349447286,12,0.585079761245014,2.0305229835436966,1.7049891268738064,0.94573096338692,1.8485293791435993,0.8066655562216242,0.016179367899894714,0.45826300978660583,0.2727272727272727,1,/content/dysgraphia_raw/Potential Dysgraphia Handwriting Dataset of School-Age Children/DATASET DYSGRAPHIA HANDWRITING/DATASET DYSGRAPHIA HANDWRITING/Potential Dysgraphia/PD (9).jpg
0.17265991860586455,38,0.2930302513040083,2.4084281408265746,2.094678085865449,1.0301829967748153,0.5618521323767957,1.235673838625393,0.015352311544120312,0.3674926459789276,0.43243243243243246,1,/content/dysgraphia_raw/Potential Dysgraphia Handwriting Dataset of School-Age Children/DATASET DYSGRAPHIA HANDWRITING/DATASET DYSGRAPHIA HANDWRITING/Potential Dysgraphia/PD (39).jpg
0.11999306097666754,5,0.9778130586182302,1.161052737765107,1.8660419674901176,0.8429319283462625,2.423857806501071,0.9314409362953574,0.02810342237353325,0.47573351860046387,0.5,1,/content/dysgraphia_raw/Potential Dysgraphia Handwriting Dataset of School-Age Children/DATASET DYSGRAPHIA HANDWRITING/DATASET DYSGRAPHIA HANDWRITING/Potential Dysgraphia/PD (7).jpg
0.07538383453876411,38,0.4464425172388588,2.7385509413045055,3.6963052980453246,1.3047141499719717,0.49890589426810794,0.7696274255610216,0.01410427875816822,0.3666417598724365,0.2972972972972973,1,/content/dysgraphia_raw/Potential Dysgraphia Handwriting Dataset of School-Age Children/DATASET DYSGRAPHIA HANDWRITING/DATASET DYSGRAPHIA HANDWRITING/Potential Dysgraphia/PD (11).jpg
0.0912465066736945,38,0.3687302398621989,3.1778641110377372,2.604878097610168,1.245781663669707,1.2960406794121757,1.2479466952098892,0.019695615395903587,0.436152845621109,0.5675675675675675,1,/content/dysgraphia_raw/Potential Dysgraphia Handwriting Dataset of School-Age Children/DATASET DYSGRAPHIA HANDWRITING/DATASET DYSGRAPHIA HANDWRITING/Potential Dysgraphia/PD (56).jpg
0.12291036950218986,13,0.6982356997179006,2.1352671478049055,1.7216752955022914,1.1648960361411616,1.4444443961725237,1.4340648226392876,0.024028215557336807,0.42177698016166687,0.25,1,/content/dysgraphia_raw/Potential Dysgraphia Handwriting Dataset of School-Age Children/DATASET DYSGRAPHIA HANDWRITING/DATASET DYSGRAPHIA HANDWRITING/Potential Dysgraphia/PD (111).jpg
0.10900953700250413,30,0.5540943638017949,3.022821594230519,2.039879448342279,0.8407650897103751,1.4505493907740636,1.5487269709039315,0.020826591178774834,0.45372891426086426,0.3103448275862069,1,/content/dysgraphia_raw/Potential Dysgraphia Handwriting Dataset of School-Age Children/DATASET DYSGRAPHIA HANDWRITING/DATASET DYSGRAPHIA HANDWRITING/Potential Dysgraphia/PD (57).jpg
0.17874737191545867,37,0.7771352416985167,2.7135759163620983,0.651072835463246,0.701992580406254,0.46120516524997723,1.421670262677363,0.01122408825904131,0.4704129993915558,0.6388888888888888,1,/content/dysgraphia_raw/Potential Dysgraphia Handwriting Dataset of School-Age Children/DATASET DYSGRAPHIA HANDWRITING/DATASET DYSGRAPHIA HANDWRITING/Potential Dysgraphia/PD (3).jpg
0.09757165169467076,8,0.39091600906068097,2.388725639151479,2.1273427509668337,1.3821424723445268,4.81136935985418,0.20593763437069712,0.03537841513752937,0.34284088015556335,0.14285714285714285,1,/content/dysgraphia_raw/Potential Dysgraphia Handwriting Dataset of School-Age Children/DATASET DYSGRAPHIA HANDWRITING/DATASET DYSGRAPHIA HANDWRITING/Potential Dysgraphia/PD (14).jpg
0.0876072849068453,38,0.2908218367416422,2.419074783502191,3.8886816279827565,0.7243948354045875,0.5905437820728796,1.123090170971617,0.011735486797988415,0.3550655245780945,0.3783783783783784,1,/content/dysgraphia_raw/Potential Dysgraphia Handwriting Dataset of School-Age Children/DATASET DYSGRAPHIA HANDWRITING/DATASET DYSGRAPHIA HANDWRITING/Potential Dysgraphia/PD (36).jpg
0.15696000375772093,14,1.346568017975088,2.168104424930914,1.6608188757451425,0.9594527124862712,2.0438957083476823,1.5904667743794152,0.010757563635706902,0.45720285177230835,0.46153846153846156,1,/content/dysgraphia_raw/Potential Dysgraphia Handwriting Dataset of School-Age Children/DATASET DYSGRAPHIA HANDWRITING/DATASET DYSGRAPHIA HANDWRITING/Potential Dysgraphia/PD (93).jpg
0.11497058661828578,41,0.5351576503810899,3.617075369429768,1.4195628060151064,1.1371733492226876,0.5744452527407798,0.8042098765756941,0.014059869572520256,0.45449405908584595,0.475,1,/content/dysgraphia_raw/Potential Dysgraphia Handwriting Dataset of School-Age Children/DATASET DYSGRAPHIA HANDWRITING/DATASET DYSGRAPHIA HANDWRITING/Potential Dysgraphia/PD (72).jpg
0.09242305294511534,22,0.45356135790410795,2.0562958409253587,4.0296817056167145,1.2181154068372897,0.6648914788452553,0.6509483635513311,0.01847660541534424,0.309829443693161,0.3333333333333333,1,/content/dysgraphia_raw/Potential Dysgraphia Handwriting Dataset of School-Age Children/DATASET DYSGRAPHIA HANDWRITING/DATASET DYSGRAPHIA HANDWRITING/Potential Dysgraphia/PD (64).jpg
0.10278589993502274,43,0.32691085559233596,2.760223769976609,4.2125795229577605,0.6847882855380754,0.36503676013362524,1.0032819295178401,0.01746249385178089,0.38735824823379517,0.4523809523809524,1,/content/dysgraphia_raw/Potential Dysgraphia Handwriting Dataset of School-Age Children/DATASET DYSGRAPHIA HANDWRITING/DATASET DYSGRAPHIA HANDWRITING/Potential Dysgraphia/PD (20).jpg
0.09818671495902115,91,0.30277303054913907,3.0627894846860504,4.364850566368011,1.0457765916448236,0.2633218996689646,1.9514579803247305,0.009900560602545738,0.38043877482414246,0.7666666666666667,1,/content/dysgraphia_raw/Potential Dysgraphia Handwriting Dataset of School-Age Children/DATASET DYSGRAPHIA HANDWRITING/DATASET DYSGRAPHIA HANDWRITING/Potential Dysgraphia/PD (63).jpg
0.0924707116370459,25,0.5283009260072907,2.3412222534632194,1.8797175133148765,1.1887143846744697,1.5590958004161477,2.36126432738956,0.015148087404668331,0.3613259494304657,0.2916666666666667,1,/content/dysgraphia_raw/Potential Dysgraphia Handwriting Dataset of School-Age Children/DATASET DYSGRAPHIA HANDWRITING/DATASET DYSGRAPHIA HANDWRITING/Potential Dysgraphia/PD (51).jpg
0.1278048780487805,25,0.745318685056265,1.6989425813949868,2.4204206312487995,1.2197966580217374,1.30208328574257,0.9519777778429003,0.031956445425748825,0.5054901242256165,0.3333333333333333,1,/content/dysgraphia_raw/Potential Dysgraphia Handwriting Dataset of School-Age Children/DATASET DYSGRAPHIA HANDWRITING/DATASET DYSGRAPHIA HANDWRITING/Potential Dysgraphia/PD (109).jpg
0.11753591375142404,10,0.8986211480369249,1.7888141046107318,2.2657128486808036,0.5316638857734587,4.794999904100002,0.9769933274180337,0.014489560388028622,0.48512908816337585,0.5555555555555556,1,/content/dysgraphia_raw/Potential Dysgraphia Handwriting Dataset of School-Age Children/DATASET DYSGRAPHIA HANDWRITING/DATASET DYSGRAPHIA HANDWRITING/Potential Dysgraphia/PD (95).jpg
0.06617267549627262,21,0.3185708029531217,2.1025131995692043,3.6567786199574708,1.0293309096834673,1.402213985920672,0.7798238979602922,0.016258878633379936,0.3185180723667145,0.3,1,/content/dysgraphia_raw/Potential Dysgraphia Handwriting Dataset of School-Age Children/DATASET DYSGRAPHIA HANDWRITING/DATASET DYSGRAPHIA HANDWRITING/Potential Dysgraphia/PD (46).jpg
0.14088073149059363,22,0.6145911414017365,2.2428144680302293,4.080818649823346,0.8604154684852007,1.1236064453294243,1.101082933117342,0.015108142979443073,0.4981563091278076,0.42857142857142855,1,/content/dysgraphia_raw/Potential Dysgraphia Handwriting Dataset of School-Age Children/DATASET DYSGRAPHIA HANDWRITING/DATASET DYSGRAPHIA HANDWRITING/Potential Dysgraphia/PD (18).jpg
0.13346803921033232,13,0.8169946287833882,2.2881723405880496,1.0903466660677013,1.2643573518073923,1.9067637988177177,0.8841603392241412,0.01465974934399128,0.5547967553138733,0.5,1,/content/dysgraphia_raw/Potential Dysgraphia Handwriting Dataset of School-Age Children/DATASET DYSGRAPHIA HANDWRITING/DATASET DYSGRAPHIA HANDWRITING/Potential Dysgraphia/PD (45).jpg
0.12348676397348964,23,0.5352351291305029,2.5729933786156223,1.8598389904805206,0.9852144466931129,1.113387005437782,1.0965595556634682,0.021911289542913437,0.46147316694259644,0.3181818181818182,1,/content/dysgraphia_raw/Potential Dysgraphia Handwriting Dataset of School-Age Children/DATASET DYSGRAPHIA HANDWRITING/DATASET DYSGRAPHIA HANDWRITING/Potential Dysgraphia/PD (110).jpg
0.09514251731022472,11,0.6888275401561356,1.1619466532118818,1.9897293633417683,0.6475873768753492,1.3494912959107046,0.43138060995961786,0.022561877965927124,0.4588437080383301,0.7,1,/content/dysgraphia_raw/Potential Dysgraphia Handwriting Dataset of School-Age Children/DATASET DYSGRAPHIA HANDWRITING/DATASET DYSGRAPHIA HANDWRITING/Potential Dysgraphia/PD (28).jpg
0.17620668316831684,8,0.5884815360620338,2.371668787995228,2.0432761845199847,1.1617633598504518,5.1773047442281666,0.6946531255364281,0.07453447580337524,0.4228423535823822,0.14285714285714285,1,/content/dysgraphia_raw/Potential Dysgraphia Handwriting Dataset of School-Age Children/DATASET DYSGRAPHIA HANDWRITING/DATASET DYSGRAPHIA HANDWRITING/Potential Dysgraphia/PD (25).jpg
0.13320700636942676,11,0.9093622937802124,2.423301865737139,1.1344809255830521,0.9430781017121102,1.7586325699655274,0.8044035605593067,0.013255358673632145,0.47544828057289124,0.2,1,/content/dysgraphia_raw/Potential Dysgraphia Handwriting Dataset of School-Age Children/DATASET DYSGRAPHIA HANDWRITING/DATASET DYSGRAPHIA HANDWRITING/Potential Dysgraphia/PD (41).jpg
0.08675981881395528,45,0.3013106698539311,3.3086789187480665,4.096789993691894,0.8042816633189237,0.28486923236667777,0.5887474453258736,0.017933320254087448,0.38056832551956177,0.18181818181818182,1,/content/dysgraphia_raw/Potential Dysgraphia Handwriting Dataset of School-Age Children/DATASET DYSGRAPHIA HANDWRITING/DATASET DYSGRAPHIA HANDWRITING/Potential Dysgraphia/PD (6).jpg
0.08842426456368051,32,0.5843564290866179,1.5173309825912669,2.1318530794377573,0.9661569876541063,0.6046689517703369,1.1700655094523371,0.011103400029242039,0.42384350299835205,0.6129032258064516,1,/content/dysgraphia_raw/Potential Dysgraphia Handwriting Dataset of School-Age Children/DATASET DYSGRAPHIA HANDWRITING/DATASET DYSGRAPHIA HANDWRITING/Potential Dysgraphia/PD (29).jpg
0.13033224521411974,9,0.3766152059362684,2.3578064696527954,1.9285940036049,1.2181326750591217,2.7758963645755634,0.23990548123395905,0.03099370002746582,0.4900989234447479,0.25,1,/content/dysgraphia_raw/Potential Dysgraphia Handwriting Dataset of School-Age Children/DATASET DYSGRAPHIA HANDWRITING/DATASET DYSGRAPHIA HANDWRITING/Potential Dysgraphia/PD (8).jpg
0.13302326995273053,26,0.4417306755117982,2.5283930403721824,3.632445833060709,1.1861193694973107,0.31149001750934313,0.5247616181524559,0.031061489135026932,0.3215280771255493,0.28,1,/content/dysgraphia_raw/Potential Dysgraphia Handwriting Dataset of School-Age Children/DATASET DYSGRAPHIA HANDWRITING/DATASET DYSGRAPHIA HANDWRITING/Potential Dysgraphia/PD (34).jpg
0.11326922466596845,21,0.4216168733026962,2.571370073162307,2.1093865642372105,0.8047236461874026,1.390039583298514,1.10073626291617,0.024306831881403923,0.3736632466316223,0.2,1,/content/dysgraphia_raw/Potential Dysgraphia Handwriting Dataset of School-Age Children/DATASET DYSGRAPHIA HANDWRITING/DATASET DYSGRAPHIA HANDWRITING/Potential Dysgraphia/PD (77).jpg
0.17691061879297174,41,0.3392112172194221,2.6651101100590107,3.3497871391422827,1.3173808587393938,0.5726316225486594,1.2441800467001167,0.01616731286048889,0.35357099771499634,0.55,1,/content/dysgraphia_raw/Potential Dysgraphia Handwriting Dataset of School-Age Children/DATASET DYSGRAPHIA HANDWRITING/DATASET DYSGRAPHIA HANDWRITING/Potential Dysgraphia/PD (87).jpg
0.12342714863723267,12,0.6515885613236843,2.4673276563206197,1.4303436052556595,0.8858010375765899,1.478922675065405,0.311642636209383,0.027206432074308395,0.374319851398468,0.2727272727272727,1,/content/dysgraphia_raw/Potential Dysgraphia Handwriting Dataset of School-Age Children/DATASET DYSGRAPHIA HANDWRITING/DATASET DYSGRAPHIA HANDWRITING/Potential Dysgraphia/PD (103).jpg
0.10190424793770719,23,0.8299313174699257,1.1946690585326751,1.4334779731617096,1.1343965058430827,1.4149577412014138,0.739664473272043,0.02563783898949623,0.4137513041496277,0.5909090909090909,1,/content/dysgraphia_raw/Potential Dysgraphia Handwriting Dataset of School-Age Children/DATASET DYSGRAPHIA HANDWRITING/DATASET DYSGRAPHIA HANDWRITING/Potential Dysgraphia/PD (73).jpg
0.10868734283319363,17,1.1109431737098656,2.8006649210571632,0.891287484945246,0.489933740521207,1.6294394167302484,1.2335346510343714,0.01285966020077467,0.4483417570590973,0.4375,1,/content/dysgraphia_raw/Potential Dysgraphia Handwriting Dataset of School-Age Children/DATASET DYSGRAPHIA HANDWRITING/DATASET DYSGRAPHIA HANDWRITING/Potential Dysgraphia/PD (53).jpg
0.12991606398141795,13,0.46542195119985197,2.037769693563487,2.8016226388080385,1.0343139388256748,1.971275833747657,0.5144331770744279,0.03250271826982498,0.3528929054737091,0.25,1,/content/dysgraphia_raw/Potential Dysgraphia Handwriting Dataset of School-Age Children/DATASET DYSGRAPHIA HANDWRITING/DATASET DYSGRAPHIA HANDWRITING/Potential Dysgraphia/PD (79).jpg
0.07776869057464122,28,0.474412862220274,2.5499719676802424,2.1570675409932427,1.1010657778645654,1.234564203001776,1.8786450590465562,0.012264733202755451,0.3243262767791748,0.25925925925925924,1,/content/dysgraphia_raw/Potential Dysgraphia Handwriting Dataset of School-Age Children/DATASET DYSGRAPHIA HANDWRITING/DATASET DYSGRAPHIA HANDWRITING/Potential Dysgraphia/PD (60).jpg
0.13707567921051067,25,0.5170791713231534,2.6893618950035703,2.0386274632203,1.0774077433081861,0.5636415364257553,0.38173965502469404,0.03225230798125267,0.3400610089302063,0.16666666666666666,1,/content/dysgraphia_raw/Potential Dysgraphia Handwriting Dataset of School-Age Children/DATASET DYSGRAPHIA HANDWRITING/DATASET DYSGRAPHIA HANDWRITING/Potential Dysgraphia/PD (106).jpg
0.15466777804239104,13,0.475117158802637,2.56380959299406,1.7206348527018394,1.0621323408853158,1.6782541779214328,0.582855703393744,0.033912256360054016,0.5923386812210083,0.16666666666666666,1,/content/dysgraphia_raw/Potential Dysgraphia Handwriting Dataset of School-Age Children/DATASET DYSGRAPHIA HANDWRITING/DATASET DYSGRAPHIA HANDWRITING/Potential Dysgraphia/PD (1).jpg
0.16423762420603358,20,0.3539032895496752,2.430019439190077,3.288995780000524,1.0912102751842183,0.3948931022590712,0.40899790920330037,0.0393415130674839,0.40267056226730347,0.15789473684210525,1,/content/dysgraphia_raw/Potential Dysgraphia Handwriting Dataset of School-Age Children/DATASET DYSGRAPHIA HANDWRITING/DATASET DYSGRAPHIA HANDWRITING/Potential Dysgraphia/PD (31).jpg
0.16083337876392448,9,0.9225802473625606,2.4551039994350026,1.558625458127251,0.9171248286078493,4.553380637080335,0.9218661545988592,0.03808838501572609,0.4057231545448303,0.25,1,/content/dysgraphia_raw/Potential Dysgraphia Handwriting Dataset of School-Age Children/DATASET DYSGRAPHIA HANDWRITING/DATASET DYSGRAPHIA HANDWRITING/Potential Dysgraphia/PD (91).jpg
0.1233656537385046,38,0.2931451822515401,2.672506022922502,4.278161850001401,1.0240395851733528,0.5193181700154962,0.8699889756100624,0.018416618928313255,0.3736264705657959,0.4594594594594595,1,/content/dysgraphia_raw/Potential Dysgraphia Handwriting Dataset of School-Age Children/DATASET DYSGRAPHIA HANDWRITING/DATASET DYSGRAPHIA HANDWRITING/Potential Dysgraphia/PD (80).jpg
0.09859640771441087,35,0.42896469237135765,2.465580522801444,2.060850161313474,1.07078066345211,0.7461785857160723,1.014101209999676,0.01219430472701788,0.33383169770240784,0.6764705882352942,1,/content/dysgraphia_raw/Potential Dysgraphia Handwriting Dataset of School-Age Children/DATASET DYSGRAPHIA HANDWRITING/DATASET DYSGRAPHIA HANDWRITING/Potential Dysgraphia/PD (65).jpg
0.12444668987286034,58,0.7934613445657208,1.468146370040238,3.3940797939090293,1.0612092211031618,0.5859545541769231,1.7566391903782212,0.00973029900342226,0.49105727672576904,0.7894736842105263,1,/content/dysgraphia_raw/Potential Dysgraphia Handwriting Dataset of School-Age Children/DATASET DYSGRAPHIA HANDWRITING/DATASET DYSGRAPHIA HANDWRITING/Potential Dysgraphia/PD (75).jpg
0.09359396013368664,53,0.31330018214090855,3.499431854336243,2.9756730202781774,1.326133158607763,0.4347656129986576,0.9722720762963252,0.018187033012509346,0.3720172345638275,0.38461538461538464,1,/content/dysgraphia_raw/Potential Dysgraphia Handwriting Dataset of School-Age Children/DATASET DYSGRAPHIA HANDWRITING/DATASET DYSGRAPHIA HANDWRITING/Potential Dysgraphia/PD (12).jpg
0.08325774754346182,27,0.4116388289480944,3.1733164364717705,4.477465128280818,0.914184445074415,0.4753520945992865,0.41789468965452703,0.030009474605321884,0.26490452885627747,0.07692307692307693,1,/content/dysgraphia_raw/Potential Dysgraphia Handwriting Dataset of School-Age Children/DATASET DYSGRAPHIA HANDWRITING/DATASET DYSGRAPHIA HANDWRITING/Potential Dysgraphia/PD (58).jpg
0.0790987650120777,34,0.4840929027238292,1.1738150833188823,2.8262267399438796,1.0886029770841399,0.27842438021520355,1.8983579893929463,0.007586203515529633,0.45900070667266846,0.6060606060606061,1,/content/dysgraphia_raw/Potential Dysgraphia Handwriting Dataset of School-Age Children/DATASET DYSGRAPHIA HANDWRITING/DATASET DYSGRAPHIA HANDWRITING/Potential Dysgraphia/PD (30).jpg
0.07317341862117982,38,0.5689076674128118,2.9810000789016113,1.6307330111527045,0.8085350477151346,0.5215451282564941,2.2075648399876506,0.008347555994987488,0.4049622714519501,0.3783783783783784,1,/content/dysgraphia_raw/Potential Dysgraphia Handwriting Dataset of School-Age Children/DATASET DYSGRAPHIA HANDWRITING/DATASET DYSGRAPHIA HANDWRITING/Potential Dysgraphia/PD (102).jpg
0.14609053497942387,26,0.7883326016983464,2.796397860248347,0.9620472910640674,1.4741448349437967,0.9706524517058012,1.1196067327926489,0.014750710688531399,0.47057902812957764,0.56,1,/content/dysgraphia_raw/Potential Dysgraphia Handwriting Dataset of School-Age Children/DATASET DYSGRAPHIA HANDWRITING/DATASET DYSGRAPHIA HANDWRITING/Potential Dysgraphia/PD (44).jpg
0.14987002712477396,27,0.23874416845521548,2.344878273200018,4.0037992425957105,1.2029563162953636,0.5929133718209441,0.7716902259668977,0.0217521283775568,0.3623877465724945,0.23076923076923078,1,/content/dysgraphia_raw/Potential Dysgraphia Handwriting Dataset of School-Age Children/DATASET DYSGRAPHIA HANDWRITING/DATASET DYSGRAPHIA HANDWRITING/Potential Dysgraphia/PD (86).jpg
0.1224317520613817,26,0.40332120145271855,2.7474818335120417,1.898182880602462,0.7168658613273,0.20077777255755572,0.426615741078489,0.03338618203997612,0.35814860463142395,0.28,1,/content/dysgraphia_raw/Potential Dysgraphia Handwriting Dataset of School-Age Children/DATASET DYSGRAPHIA HANDWRITING/DATASET DYSGRAPHIA HANDWRITING/Potential Dysgraphia/PD (4).jpg
0.14987822998267963,16,0.3549265019018867,2.6621621582146227,2.0701995569274345,0.718562138382502,0.9022556210074062,0.23646386955994206,0.03462403640151024,0.3944653272628784,0.06666666666666667,1,/content/dysgraphia_raw/Potential Dysgraphia Handwriting Dataset of School-Age Children/DATASET DYSGRAPHIA HANDWRITING/DATASET DYSGRAPHIA HANDWRITING/Potential Dysgraphia/PD (43).jpg
0.11517883526031548,22,0.3142974114407102,2.7431126867958335,2.4434487045595916,1.3415552313153885,2.5902096960203465,1.320354905680575,0.02342519536614418,0.36765968799591064,0.38095238095238093,1,/content/dysgraphia_raw/Potential Dysgraphia Handwriting Dataset of School-Age Children/DATASET DYSGRAPHIA HANDWRITING/DATASET DYSGRAPHIA HANDWRITING/Potential Dysgraphia/PD (15).jpg
0.1264141662567634,17,0.5285557283030397,3.0679535783471357,2.078789223373726,0.764834503615789,1.3747267705955721,0.3630867511069489,0.029147900640964508,0.36559557914733887,0.125,1,/content/dysgraphia_raw/Potential Dysgraphia Handwriting Dataset of School-Age Children/DATASET DYSGRAPHIA HANDWRITING/DATASET DYSGRAPHIA HANDWRITING/Potential Dysgraphia/PD (70).jpg
0.11168870981869143,35,0.6690186670407898,2.9070324042765368,2.7454779518521364,0.9014891462543815,0.5911329903661825,0.985801051955441,0.013757049106061459,0.3871394395828247,0.4411764705882353,1,/content/dysgraphia_raw/Potential Dysgraphia Handwriting Dataset of School-Age Children/DATASET DYSGRAPHIA HANDWRITING/DATASET DYSGRAPHIA HANDWRITING/Potential Dysgraphia/PD (105).jpg
0.15525714285714284,24,0.4528827324982999,2.7874018656193225,1.8417321164839588,1.152168355741626,0.4796747811487876,0.41266335120553255,0.04792299121618271,0.4373956620693207,0.30434782608695654,1,/content/dysgraphia_raw/Potential Dysgraphia Handwriting Dataset of School-Age Children/DATASET DYSGRAPHIA HANDWRITING/DATASET DYSGRAPHIA HANDWRITING/Potential Dysgraphia/PD (55).jpg
0.1034953497963902,17,0.6331517304860721,2.349173136234666,1.6977335283853234,0.9357753372883019,1.4933374021483368,1.5223865448237732,0.013352223671972752,0.44353294372558594,0.25,1,/content/dysgraphia_raw/Potential Dysgraphia Handwriting Dataset of School-Age Children/DATASET DYSGRAPHIA HANDWRITING/DATASET DYSGRAPHIA HANDWRITING/Potential Dysgraphia/PD (83).jpg
0.11375825165435116,27,0.6437122441778922,2.2872403948571676,2.561818988358035,0.9853628571559483,1.135573274651731,0.6428038772167365,0.023694505915045738,0.4199735224246979,0.46153846153846156,1,/content/dysgraphia_raw/Potential Dysgraphia Handwriting Dataset of School-Age Children/DATASET DYSGRAPHIA HANDWRITING/DATASET DYSGRAPHIA HANDWRITING/Potential Dysgraphia/PD (94).jpg
0.12434460963872729,50,0.3490396549800047,2.439214484523782,2.03740835953067,1.0757858627753496,0.5411055621043165,1.6330217478822575,0.013898984529078007,0.4592846632003784,0.6326530612244898,1,/content/dysgraphia_raw/Potential Dysgraphia Handwriting Dataset of School-Age Children/DATASET DYSGRAPHIA HANDWRITING/DATASET DYSGRAPHIA HANDWRITING/Potential Dysgraphia/PD (99).jpg
0.08753785724676974,7,0.6756656268612744,2.1695550651359774,1.714401216938366,1.1214425845865026,2.355688524013056,0.8267810716483722,0.037015531212091446,0.4124208688735962,0.16666666666666666,1,/content/dysgraphia_raw/Potential Dysgraphia Handwriting Dataset of School-Age Children/DATASET DYSGRAPHIA HANDWRITING/DATASET DYSGRAPHIA HANDWRITING/Potential Dysgraphia/PD (49).jpg
0.09173213308695248,40,0.32401301575595814,2.8798110407471467,4.463311027993751,0.7795413852180876,0.48963298441125935,0.6926253823044631,0.017362747341394424,0.37798067927360535,0.2564102564102564,1,/content/dysgraphia_raw/Potential Dysgraphia Handwriting Dataset of School-Age Children/DATASET DYSGRAPHIA HANDWRITING/DATASET DYSGRAPHIA HANDWRITING/Potential Dysgraphia/PD (62).jpg
0.07959534262263791,17,0.3889888554561582,2.426779315274539,2.132021892800572,1.2537036267080501,2.2342288832198807,1.3639016899076593,0.0239231139421463,0.29183346033096313,0.25,1,/content/dysgraphia_raw/Potential Dysgraphia Handwriting Dataset of School-Age Children/DATASET DYSGRAPHIA HANDWRITING/DATASET DYSGRAPHIA HANDWRITING/Potential Dysgraphia/PD (89).jpg
0.06130533199195171,17,0.7055881027274316,3.184168642315354,1.7944445070672406,0.9430648157762187,1.9215309194413266,0.8127985752694749,0.01723560132086277,0.33310994505882263,0.125,1,/content/dysgraphia_raw/Potential Dysgraphia Handwriting Dataset of School-Age Children/DATASET DYSGRAPHIA HANDWRITING/DATASET DYSGRAPHIA HANDWRITING/Potential Dysgraphia/PD (68).jpg
0.14394678916642742,26,0.9331457774624174,2.93216473413253,0.7882782906078665,1.085971802588368,0.8040598354770905,1.5665258609819024,0.009065130725502968,0.46252328157424927,0.44,1,/content/dysgraphia_raw/Potential Dysgraphia Handwriting Dataset of School-Age Children/DATASET DYSGRAPHIA HANDWRITING/DATASET DYSGRAPHIA HANDWRITING/Potential Dysgraphia/PD (96).jpg
0.1081814966790526,28,0.6479573464148893,2.8886625835910857,0.9977621876380431,1.2457968652903482,0.6586715753734292,1.023137159872279,0.011850547976791859,0.5364972949028015,0.4074074074074074,1,/content/dysgraphia_raw/Potential Dysgraphia Handwriting Dataset of School-Age Children/DATASET DYSGRAPHIA HANDWRITING/DATASET DYSGRAPHIA HANDWRITING/Potential Dysgraphia/PD (2).jpg
0.1122679580306699,35,0.5305601419552408,2.5648489438356727,2.8057174844090014,1.1749562342975548,0.4526710294109125,0.9840128993498319,0.015466650016605854,0.43389102816581726,0.35294117647058826,1,/content/dysgraphia_raw/Potential Dysgraphia Handwriting Dataset of School-Age Children/DATASET DYSGRAPHIA HANDWRITING/DATASET DYSGRAPHIA HANDWRITING/Potential Dysgraphia/PD (113).jpg
0.16858558902020587,15,0.5905216862568471,2.1634216903982364,3.2809605429581645,1.080468505773639,1.1696462166238826,0.7938937508861934,0.03952647000551224,0.3509136438369751,0.21428571428571427,1,/content/dysgraphia_raw/Potential Dysgraphia Handwriting Dataset of School-Age Children/DATASET DYSGRAPHIA HANDWRITING/DATASET DYSGRAPHIA HANDWRITING/Potential Dysgraphia/PD (85).jpg
0.1311208363724775,27,0.2813702457874561,2.7661601163351266,3.568611217555861,1.1549525861353995,0.44916043644838455,0.31243176236120446,0.032890260219573975,0.3472614586353302,0.07692307692307693,1,/content/dysgraphia_raw/Potential Dysgraphia Handwriting Dataset of School-Age Children/DATASET DYSGRAPHIA HANDWRITING/DATASET DYSGRAPHIA HANDWRITING/Potential Dysgraphia/PD (61).jpg
0.1474454526821815,31,0.5527779052318738,3.2859869396054373,1.4321696756708768,0.8499389702307729,0.4537742981042086,0.6977162862323019,0.018501080572605133,0.4286811351776123,0.3,1,/content/dysgraphia_raw/Potential Dysgraphia Handwriting Dataset of School-Age Children/DATASET DYSGRAPHIA HANDWRITING/DATASET DYSGRAPHIA HANDWRITING/Potential Dysgraphia/PD (71).jpg
0.07909537623586525,6,0.671935785346515,1.3228470841892617,1.818622459099812,1.2213053973116348,1.5422534885439403,0.7076325874785905,0.022697726264595985,0.37248682975769043,0.4,1,/content/dysgraphia_raw/Potential Dysgraphia Handwriting Dataset of School-Age Children/DATASET DYSGRAPHIA HANDWRITING/DATASET DYSGRAPHIA HANDWRITING/Potential Dysgraphia/PD (100).jpg
0.15456027006577033,15,0.6523566530645709,2.221751072644597,3.2343166381076163,0.8086989876684003,1.6883116225333135,0.7295141427606043,0.04247496649622917,0.36565184593200684,0.14285714285714285,1,/content/dysgraphia_raw/Potential Dysgraphia Handwriting Dataset of School-Age Children/DATASET DYSGRAPHIA HANDWRITING/DATASET DYSGRAPHIA HANDWRITING/Potential Dysgraphia/PD (76).jpg
0.06977907574159703,31,0.38565864960673546,3.1779761498535195,2.7047017307492007,1.638012465005226,1.4116887260142321,1.4602529034563956,0.0185405220836401,0.3070440888404846,0.2,1,/content/dysgraphia_raw/Potential Dysgraphia Handwriting Dataset of School-Age Children/DATASET DYSGRAPHIA HANDWRITING/DATASET DYSGRAPHIA HANDWRITING/Potential Dysgraphia/PD (59).jpg
0.12882017434254045,10,0.31042679084893365,1.3780004419362166,1.2792098153594698,0.9993709725534794,1.5565475912521265,0.968239232533093,0.01565653085708618,0.3877827525138855,0.3333333333333333,1,/content/dysgraphia_raw/Potential Dysgraphia Handwriting Dataset of School-Age Children/DATASET DYSGRAPHIA HANDWRITING/DATASET DYSGRAPHIA HANDWRITING/Potential Dysgraphia/PD (33).jpg
0.13528391072817567,49,0.36227908098481376,3.0467375906739145,2.4746545832859885,1.0685028538303636,0.5336681774593621,1.6387666603409243,0.016495389863848686,0.3869192600250244,0.5416666666666666,1,/content/dysgraphia_raw/Potential Dysgraphia Handwriting Dataset of School-Age Children/DATASET DYSGRAPHIA HANDWRITING/DATASET DYSGRAPHIA HANDWRITING/Potential Dysgraphia/PD (78).jpg
0.11136381333056479,16,0.4809420527819611,1.857960520937165,2.9528159509070977,1.1725272493183914,0.9162210159029748,1.4942615295347994,0.01440822146832943,0.3451109528541565,0.26666666666666666,1,/content/dysgraphia_raw/Potential Dysgraphia Handwriting Dataset of School-Age Children/DATASET DYSGRAPHIA HANDWRITING/DATASET DYSGRAPHIA HANDWRITING/Potential Dysgraphia/PD (38).jpg
0.15255864927624296,52,0.3634438288853285,3.3759867525850833,2.359654879721045,1.1254794131966523,0.5002130755494845,1.0395493624906238,0.02349403128027916,0.3914436399936676,0.47058823529411764,1,/content/dysgraphia_raw/Potential Dysgraphia Handwriting Dataset of School-Age Children/DATASET DYSGRAPHIA HANDWRITING/DATASET DYSGRAPHIA HANDWRITING/Potential Dysgraphia/PD (24).jpg
0.1395858223815213,15,0.293360555097637,2.168890782093705,1.9748677835988506,0.6967010804639329,1.3388069435896726,0.27276761268590893,0.03497396409511566,0.40437522530555725,0.14285714285714285,1,/content/dysgraphia_raw/Potential Dysgraphia Handwriting Dataset of School-Age Children/DATASET DYSGRAPHIA HANDWRITING/DATASET DYSGRAPHIA HANDWRITING/Potential Dysgraphia/PD (16).jpg
0.12917532197756543,26,0.3866142926725441,2.7485412052143925,4.234863567277565,1.2700862693560635,0.7303511102568142,0.3848201548491104,0.037209730595350266,0.32692471146583557,0.12,1,/content/dysgraphia_raw/Potential Dysgraphia Handwriting Dataset of School-Age Children/DATASET DYSGRAPHIA HANDWRITING/DATASET DYSGRAPHIA HANDWRITING/Potential Dysgraphia/PD (19).jpg
0.10779446317294923,27,0.7810521112101197,3.092472577974926,1.0428330047717465,1.0425669999310299,0.7345291301952587,0.9759660634481422,0.013676411472260952,0.4132803976535797,0.3076923076923077,1,/content/dysgraphia_raw/Potential Dysgraphia Handwriting Dataset of School-Age Children/DATASET DYSGRAPHIA HANDWRITING/DATASET DYSGRAPHIA HANDWRITING/Potential Dysgraphia/PD (104).jpg
0.1507534695336232,12,0.4793213300763869,1.2197514626504515,1.6179664158903155,1.3406617773644722,2.6065008962179523,1.7759715442295179,0.015999536961317062,0.42242568731307983,0.5454545454545454,1,/content/dysgraphia_raw/Potential Dysgraphia Handwriting Dataset of School-Age Children/DATASET DYSGRAPHIA HANDWRITING/DATASET DYSGRAPHIA HANDWRITING/Potential Dysgraphia/PD (27).jpg
0.1428456598101393,5,1.1648989420108733,1.1710748249338052,1.8084856603957793,0.7623188361604706,2.9138513021308903,1.0546494155604513,0.01891661062836647,0.4315050542354584,0.5,1,/content/dysgraphia_raw/Potential Dysgraphia Handwriting Dataset of School-Age Children/DATASET DYSGRAPHIA HANDWRITING/DATASET DYSGRAPHIA HANDWRITING/Potential Dysgraphia/PD (92).jpg
0.13884691386725562,31,0.2588211469525845,2.97883318768856,2.6492178347769104,1.5754445018972516,0.5484790470221524,0.1777496956245339,0.03083343803882599,0.35142990946769714,0.16666666666666666,1,/content/dysgraphia_raw/Potential Dysgraphia Handwriting Dataset of School-Age Children/DATASET DYSGRAPHIA HANDWRITING/DATASET DYSGRAPHIA HANDWRITING/Potential Dysgraphia/PD (35).jpg
0.12321599616858238,56,0.2839588330512319,3.034354879047615,2.4329447387202117,0.9736186453998922,0.27999322968254886,0.9664647006777436,0.021218517795205116,0.36977052688598633,0.6545454545454545,1,/content/dysgraphia_raw/Potential Dysgraphia Handwriting Dataset of School-Age Children/DATASET DYSGRAPHIA HANDWRITING/DATASET DYSGRAPHIA HANDWRITING/Potential Dysgraphia/PD (21).jpg
0.11882941855987678,16,0.4347681725811378,2.2494633223034195,3.5542619192054907,0.8981297743513953,1.4521008012880459,0.49121365647944343,0.032283686101436615,0.30716046690940857,0.13333333333333333,1,/content/dysgraphia_raw/Potential Dysgraphia Handwriting Dataset of School-Age Children/DATASET DYSGRAPHIA HANDWRITING/DATASET DYSGRAPHIA HANDWRITING/Potential Dysgraphia/PD (37).jpg
0.09473338421850996,40,0.2965840203109133,2.7713442978281697,4.372098157677455,0.8076650643947394,0.3505480308934049,0.85071832153289,0.015891628339886665,0.41598808765411377,0.3333333333333333,1,/content/dysgraphia_raw/Potential Dysgraphia Handwriting Dataset of School-Age Children/DATASET DYSGRAPHIA HANDWRITING/DATASET DYSGRAPHIA HANDWRITING/Potential Dysgraphia/PD (5).jpg
0.06868607835466384,37,0.3931590269308939,2.476125409955385,4.121569172155111,0.6789489015335448,0.47200499940036217,1.1790528242260858,0.010527397505939007,0.3516727387905121,0.16666666666666666,1,/content/dysgraphia_raw/Potential Dysgraphia Handwriting Dataset of School-Age Children/DATASET DYSGRAPHIA HANDWRITING/DATASET DYSGRAPHIA HANDWRITING/Potential Dysgraphia/PD (107).jpg
0.1073010675764913,41,0.5205199352357516,2.90785940016839,1.0263095256313308,1.3068085678488877,0.5896250548890754,1.6582473160065891,0.008525238372385502,0.45384663343429565,0.625,1,/content/dysgraphia_raw/Potential Dysgraphia Handwriting Dataset of School-Age Children/DATASET DYSGRAPHIA HANDWRITING/DATASET DYSGRAPHIA HANDWRITING/Potential Dysgraphia/PD (42).jpg
0.09016665595612965,19,0.39902435218566135,1.9042349524988764,1.475258435104744,0.7505757639793158,1.0938752552520827,0.7176453056215691,0.016306336969137192,0.4378122091293335,0.4444444444444444,1,/content/dysgraphia_raw/Potential Dysgraphia Handwriting Dataset of School-Age Children/DATASET DYSGRAPHIA HANDWRITING/DATASET DYSGRAPHIA HANDWRITING/Potential Dysgraphia/PD (112).jpg
0.13751703461433634,17,0.5023667925401992,2.97149564273024,1.8402105503919939,0.7055661796760492,1.0453823287928679,0.6571090170264879,0.019357284530997276,0.40057092905044556,0.1875,1,/content/dysgraphia_raw/Potential Dysgraphia Handwriting Dataset of School-Age Children/DATASET DYSGRAPHIA HANDWRITING/DATASET DYSGRAPHIA HANDWRITING/Potential Dysgraphia/PD (17).jpg
0.0775490360435876,19,0.9690875883340379,1.7322394962700685,2.823828047681648,1.7966791951820102,1.4874865977663425,1.5673060751138825,0.010957857593894005,0.3951828181743622,0.3888888888888889,1,/content/dysgraphia_raw/Potential Dysgraphia Handwriting Dataset of School-Age Children/DATASET DYSGRAPHIA HANDWRITING/DATASET DYSGRAPHIA HANDWRITING/Potential Dysgraphia/PD (101).jpg
0.0851736113124192,22,0.40910066834405,2.6828854852980073,2.2925662597228498,1.1092924357687326,2.0441828686109713,1.358721314010841,0.022837696596980095,0.3415011465549469,0.23809523809523808,1,/content/dysgraphia_raw/Potential Dysgraphia Handwriting Dataset of School-Age Children/DATASET DYSGRAPHIA HANDWRITING/DATASET DYSGRAPHIA HANDWRITING/Potential Dysgraphia/PD (50).jpg
0.12326540646853147,14,0.5082340814194692,2.1693477685405216,3.145387682393955,1.1589530136253505,1.4239608314536634,0.6126926458415738,0.03520432487130165,0.3146032392978668,0.23076923076923078,1,/content/dysgraphia_raw/Potential Dysgraphia Handwriting Dataset of School-Age Children/DATASET DYSGRAPHIA HANDWRITING/DATASET DYSGRAPHIA HANDWRITING/Potential Dysgraphia/PD (13).jpg
0.08977667153818049,25,0.4881367585278293,2.4100539788736266,2.0197043977120193,0.8301896994338357,2.183017143758324,2.425581511328762,0.014609572477638721,0.3314853012561798,0.2916666666666667,1,/content/dysgraphia_raw/Potential Dysgraphia Handwriting Dataset of School-Age Children/DATASET DYSGRAPHIA HANDWRITING/DATASET DYSGRAPHIA HANDWRITING/Potential Dysgraphia/PD (90).jpg
0.1398012207705026,35,0.7708844311503844,2.6077753632891443,2.6893505355159344,1.275576729010125,0.7732293521357848,1.5689358350998661,0.012981502339243889,0.4871733486652374,0.6176470588235294,1,/content/dysgraphia_raw/Potential Dysgraphia Handwriting Dataset of School-Age Children/DATASET DYSGRAPHIA HANDWRITING/DATASET DYSGRAPHIA HANDWRITING/Potential Dysgraphia/PD (54).jpg
0.08289662912390339,43,0.7508529723000577,1.1808186380576762,2.1020653537362044,1.0333456162351495,0.599690067422271,1.5528029421508112,0.010752029716968536,0.39405152201652527,0.8095238095238095,1,/content/dysgraphia_raw/Potential Dysgraphia Handwriting Dataset of School-Age Children/DATASET DYSGRAPHIA HANDWRITING/DATASET DYSGRAPHIA HANDWRITING/Potential Dysgraphia/PD (74).jpg
0.12039708965347146,20,0.5413682365406302,1.407347258860951,1.4104408675078282,1.1586061629881534,0.9999999705882362,0.45101527737091984,0.0388275608420372,0.41498902440071106,0.5263157894736842,1,/content/dysgraphia_raw/Potential Dysgraphia Handwriting Dataset of School-Age Children/DATASET DYSGRAPHIA HANDWRITING/DATASET DYSGRAPHIA HANDWRITING/Potential Dysgraphia/PD (97).jpg
0.11142347112255306,6,0.9505935382085887,2.0602561672019077,1.378518976055481,0.37299175648230637,6.166666519841273,0.9212162695973795,0.027479559183120728,0.4133077561855316,0.2,1,/content/dysgraphia_raw/Potential Dysgraphia Handwriting Dataset of School-Age Children/DATASET DYSGRAPHIA HANDWRITING/DATASET DYSGRAPHIA HANDWRITING/Potential Dysgraphia/PD (82).jpg
0.11642078792958926,53,0.5526841824798997,2.639691821193858,5.713073176876548,1.129302769417902,0.40801230886606454,1.6990163184978062,0.009553579613566399,0.3455564081668854,0.75,1,/content/dysgraphia_raw/Potential Dysgraphia Handwriting Dataset of School-Age Children/DATASET DYSGRAPHIA HANDWRITING/DATASET DYSGRAPHIA HANDWRITING/Potential Dysgraphia/PD (66).jpg
0.10025449515905947,20,0.5305635369663285,2.405040486626774,1.755099311579234,1.7426689492172875,1.1315923871502598,0.7621029189505049,0.019520502537488937,0.4611700475215912,0.3684210526315789,1,/content/dysgraphia_raw/Potential Dysgraphia Handwriting Dataset of School-Age Children/DATASET DYSGRAPHIA HANDWRITING/DATASET DYSGRAPHIA HANDWRITING/Potential Dysgraphia/PD (98).jpg
0.1188481304270778,7,0.5040891798642019,1.1009913085815168,1.7209324704466193,0.913391479778617,5.626582153841534,1.3325828455963882,0.02016722597181797,0.4978574812412262,0.5,1,/content/dysgraphia_raw/Potential Dysgraphia Handwriting Dataset of School-Age Children/DATASET DYSGRAPHIA HANDWRITING/DATASET DYSGRAPHIA HANDWRITING/Potential Dysgraphia/PD (26).jpg
0.12286958749679734,64,0.3149961951468107,2.505068509947728,2.6187287455538346,0.7826779681541431,0.3606714545265085,1.739611706736666,0.010087142698466778,0.4262886345386505,0.7619047619047619,1,/content/dysgraphia_raw/Potential Dysgraphia Handwriting Dataset of School-Age Children/DATASET DYSGRAPHIA HANDWRITING/DATASET DYSGRAPHIA HANDWRITING/Potential Dysgraphia/PD (114).jpg
0.08941594062600838,23,0.4381209793371451,2.051390510734991,1.7695979625054645,0.9813738858262487,0.79035976182816,0.7922630224021572,0.018133750185370445,0.406674861907959,0.45454545454545453,1,/content/dysgraphia_raw/Potential Dysgraphia Handwriting Dataset of School-Age Children/DATASET DYSGRAPHIA HANDWRITING/DATASET DYSGRAPHIA HANDWRITING/Potential Dysgraphia/PD (48).jpg
0.11146912159570388,21,0.5223034654418247,3.0294729256937414,1.9688222625035956,0.9589570009872799,0.6981770629698357,0.491976504462029,0.037762921303510666,0.36397862434387207,0.2,1,/content/dysgraphia_raw/Potential Dysgraphia Handwriting Dataset of School-Age Children/DATASET DYSGRAPHIA HANDWRITING/DATASET DYSGRAPHIA HANDWRITING/Potential Dysgraphia/PD (22).jpg
