filename,label,participant_id,is_one_unique_child_per_recording,age,language,passage_id,exact_passage_text,consent_for_processing,recording_device,notes,reported_grade_band_cohort_level,exact_grade
New Recording 36.m4a.mp4,0,,unverified,,,,,unverified,,,7-9 (project-team report; exact grade unknown),
New Recording 37.m4a.mp4,0,,unverified,,,,,unverified,,,7-9 (project-team report; exact grade unknown),
New Recording 38.m4a.mp4,0,,unverified,,,,,unverified,,,7-9 (project-team report; exact grade unknown),
a1.mp4,1,,unverified,,,,,unverified,,,7-9 (project-team report; exact grade unknown),
a10.mp4,1,,unverified,,,,,unverified,,,7-9 (project-team report; exact grade unknown),
a11.mp4,1,,unverified,,,,,unverified,,,7-9 (project-team report; exact grade unknown),
a12.mp4,1,,unverified,,,,,unverified,,,7-9 (project-team report; exact grade unknown),
a2.mp4,1,,unverified,,,,,unverified,,,7-9 (project-team report; exact grade unknown),
a3.mp4,1,,unverified,,,,,unverified,,,7-9 (project-team report; exact grade unknown),
a4.mp4,1,,unverified,,,,,unverified,,,7-9 (project-team report; exact grade unknown),
a5.mp4,1,,unverified,,,,,unverified,,,7-9 (project-team report; exact grade unknown),
a6.mp4,1,,unverified,,,,,unverified,,,7-9 (project-team report; exact grade unknown),
a7.mp4,1,,unverified,,,,,unverified,,,7-9 (project-team report; exact grade unknown),
a8.mp4,1,,unverified,,,,,unverified,,,7-9 (project-team report; exact grade unknown),
a9.mp4,1,,unverified,,,,,unverified,,,7-9 (project-team report; exact grade unknown),
